[
  {
    "model": "sessions.session",
    "pk": "40rbtmvtu4b7mysh8f6exhh3v99lq2t3",
    "fields": {
      "session_data": ".eJxVzEsOwiAUheG9MDYELi1QR8a5a2gucCloH0mhI-PebZMOdHy-879Zj1tN_VZo7XNgV1axVHUbJswj98vELr_CoX_RfLDwxHlYdjHXNTt-EH6uhT-WQOP9tH-BhCXtb69EI7zznVSNVBAiWZCdUQSqRd2QiNoaYQVElATGoGydDhiptRI0WPb5AooQPHg:1vw2wn:OD4xqZqzlF2bNzhftu7oZV58Vc4cRwLmloe49va6QxY",
      "expire_date": "2026-03-13T18:52:21.102Z"
    }
  },
  {
    "model": "sessions.session",
    "pk": "9juqqs5ib4ghitexss4v795j0n529udt",
    "fields": {
      "session_data": ".eJxVzMsOgjAQheF36do0baej1pVh7zOQaWeAKpSEy8r47kLCQtfnO_9b1bQuXb3OMtWZ1U0RD7nc24Fyr9M4qNOviJReUnbGTyrtuImyTDnqnehjnfVjZOmrw_4FOpq77R2CswkAfDIhXgE9eGuCYAAIaBkxiWFGYmZxyYd4NlGahtBZ5_ni1ecLjqA8_A:1vwrK9:zdFiTitL04daxVej08flMegjMgA-Ai5JikmpmTvKIwg",
      "expire_date": "2026-03-16T00:39:49.111Z"
    }
  },
  {
    "model": "sessions.session",
    "pk": "e6nxqoyunjluw874x9lto3xgkujwm8s4",
    "fields": {
      "session_data": ".eJxVzDkOwjAUBNC7uEaW94UK0XMG68dLbMgixU6FuDuxlALK0byZN3Kwt-z2GjdXArqiBrXp2zhDmbBfZ3T5FQP4V1w6C09YxvUQS9vKgDvBZ1vxYw1xup_27yBDzcfaeApegIlKKyNBGsq94pIkHbUWiUXJFTOSSksIsTb4lEjPXAtOiWDo8wWHDTul:1vvjO7:V4SDjwSCHV1J4sTbKyW31y5_oDxcc7pzk899zMSvguY",
      "expire_date": "2026-03-12T21:59:15.492Z"
    }
  },
  {
    "model": "sessions.session",
    "pk": "i961ebm4b40hiej3flys0y8bsj5x7yb3",
    "fields": {
      "session_data": ".eJxVzEsOwiAUheG9MDYEKK_ryDh3Dc2FW0q1j6TQkXHvtkkHOj7f-d-sxa3mdivd2g7ErqxiqfbWTziMPC4Tu_yKgPHVzQejJ879sou5rkPgB-HnWvhjoW68n_YvkLHk_a29BwfeOWuaIFUy1ICzkkB7ZcDYlJJAL4InEEkLiTEJko4iKoGogX2-dXc8pA:1vz34p:b9H1wZGR81A48Z7q5q9X5lyTCAlQYgBAjNTDAMDDUr0",
      "expire_date": "2026-03-22T01:37:03.918Z"
    }
  },
  {
    "model": "sessions.session",
    "pk": "pkhm7ttsv884ttly7v3d39y41dc7qbkb",
    "fields": {
      "session_data": ".eJxVzDkOwjAURdG9uEaW54EK0bOG6Dvfjg0ZpNipEHsnkVJA_c59b9LB1nK31bh2BcmVNKhN3YYJykj7ZSKXXxGgf8X5YPiEeVh2Mbe1BHoQeq6VPhaM4_20fwcZat5rrrk0qJIFjIG7aHVKXKOTKkpvPUqlhQWjPHOMCyYtT8Y6ZwQzYS81-XwBikk7qQ:1vwnKV:_nLh30lCAdm-VyIK0yQn_HIHvYlDuD6RDZeyGMajjXo",
      "expire_date": "2026-03-15T20:23:55.135Z"
    }
  },
  {
    "model": "sessions.session",
    "pk": "srandyu26n3up7s1dhfeeobfhq5vz82k",
    "fields": {
      "session_data": ".eJxVzM0OgyAQBOB34dwQwAJuT433PoNZ2PWnVUkET03fvZp4aC9zmW_mLVrcytBumdd2JHETBXMx937GcZIxzeLyKwLGFy8HoycufdrFUtYxyIPIs83ykYin5rR_BwPmYV8b8CoCAtjYUWW6UBM6Y7Ql3jMyg_YxECmyTnkP0OHVaV9TFWq22ovPF693PVo:1vvgUf:3c3_0YWsL6HeCJdA_-jn-762OIvsYWuqsyC0DvDRcLk",
      "expire_date": "2026-03-12T18:53:49.584Z"
    }
  },
  {
    "model": "users.user",
    "pk": "66@ubu.ac.th",
    "fields": {
      "password": "pbkdf2_sha256$1200000$q922crD8gTv4OKpMlFxNKV$nk9b8yDwS4JiZBImRAZrGSVYXeWZyoTvV4lnIjXe1N4=",
      "last_login": "2026-02-23T13:55:53.634Z",
      "is_superuser": false,
      "first_name": "",
      "last_name": "",
      "is_staff": false,
      "is_active": false,
      "date_joined": "2026-02-23T13:55:52.477Z",
      "role": "USER",
      "is_deleted": true,
      "deleted_at": "2026-02-23T13:57:40.102Z",
      "groups": [],
      "user_permissions": [],
      "email": "66@ubu.ac.th"
    }
  },
  {
    "model": "users.user",
    "pk": "Admin@gmail.com",
    "fields": {
      "password": "pbkdf2_sha256$1200000$PAUqtrZxL0MxfekvMRu9M2$dhsAC1oi1ewla/ODsfB0Hkn10N4pFN7CCX20BTHRrqY=",
      "last_login": "2026-02-19T17:21:54Z",
      "is_superuser": true,
      "first_name": "",
      "last_name": "",
      "is_staff": true,
      "is_active": true,
      "date_joined": "2026-02-19T17:21:32Z",
      "role": "APPROVER",
      "is_deleted": false,
      "deleted_at": null,
      "groups": [],
      "user_permissions": [],
      "email": "Admin@gmail.com"
    }
  },
  {
    "model": "users.user",
    "pk": "admin@gmail.com",
    "fields": {
      "password": "pbkdf2_sha256$1200000$CTFCyKUQd8vr65RqpcpAXE$XjO2hufuwGUCzO4bojrO7ugCFB57XOo8Zpol0MM2xFU=",
      "last_login": "2026-03-02T00:39:49.101Z",
      "is_superuser": false,
      "first_name": "Admin",
      "last_name": "",
      "is_staff": false,
      "is_active": true,
      "date_joined": "2026-02-19T17:19:23Z",
      "role": "APPROVER",
      "is_deleted": false,
      "deleted_at": null,
      "groups": [],
      "user_permissions": [],
      "email": "admin@gmail.com"
    }
  },
  {
    "model": "users.user",
    "pk": "kanyarat.bua.66@ubu.ac.th",
    "fields": {
      "password": "pbkdf2_sha256$1200000$8upFUXu542KTbjlfHku10T$SQ3mo/SZ5w4atBgWKJLYYCMzDjwKJloGGKDNYbQLZco=",
      "last_login": "2026-03-07T21:27:25.086Z",
      "is_superuser": false,
      "first_name": "กันยารัตน์",
      "last_name": "บัวชุม",
      "is_staff": false,
      "is_active": true,
      "date_joined": "2026-02-19T16:46:39.774Z",
      "role": "USER",
      "is_deleted": false,
      "deleted_at": null,
      "groups": [],
      "user_permissions": [],
      "email": "kanyarat.bua.66@ubu.ac.th"
    }
  },
  {
    "model": "users.user",
    "pk": "kanyarat.buachum7516@gmail.com",
    "fields": {
      "password": "pbkdf2_sha256$1200000$o1gkZmGwNIKwfWKLJU4SyY$TnpmLU7gvpx8OKVo4+UQIBL6aUoarbCmstDhYqVdq48=",
      "last_login": "2026-02-20T13:37:33.712Z",
      "is_superuser": false,
      "first_name": "ภัทรสุดา",
      "last_name": "บัวชุม",
      "is_staff": false,
      "is_active": true,
      "date_joined": "2026-02-19T17:12:37.500Z",
      "role": "USER",
      "is_deleted": false,
      "deleted_at": null,
      "groups": [],
      "user_permissions": [],
      "email": "kanyarat.buachum7516@gmail.com"
    }
  },
  {
    "model": "users.user",
    "pk": "tast10@gmail.com",
    "fields": {
      "password": "pbkdf2_sha256$1200000$ql6EVxEUsSYYJYQCXNnvY6$AAPzeCeyBzFhBpT0kdEREwgAvvu7s+iYS50ZGCVjwxw=",
      "last_login": "2026-03-07T22:53:26.648Z",
      "is_superuser": false,
      "first_name": "ชลธิชา",
      "last_name": "กานดา",
      "is_staff": false,
      "is_active": true,
      "date_joined": "2026-02-26T09:42:28.862Z",
      "role": "USER",
      "is_deleted": false,
      "deleted_at": null,
      "groups": [],
      "user_permissions": [],
      "email": "tast10@gmail.com"
    }
  },
  {
    "model": "users.user",
    "pk": "tast11@gmail.com",
    "fields": {
      "password": "pbkdf2_sha256$1200000$EEQImBm6yNE2XgRwFfjI9O$OOhO7LhH5kx3vO586IIF6zXJUvzImEXtU/Wkbhq0A8E=",
      "last_login": "2026-03-07T23:01:09.377Z",
      "is_superuser": false,
      "first_name": "นิราพัฒน์",
      "last_name": "นาราวี",
      "is_staff": false,
      "is_active": true,
      "date_joined": "2026-02-26T09:42:53.515Z",
      "role": "USER",
      "is_deleted": false,
      "deleted_at": null,
      "groups": [],
      "user_permissions": [],
      "email": "tast11@gmail.com"
    }
  },
  {
    "model": "users.user",
    "pk": "tast12@gmail.com",
    "fields": {
      "password": "pbkdf2_sha256$1200000$W9GIiVLIowxtHNtpqZcFtJ$82QTOjY9bFD4a5u63ATxf+xPNQzhn8OB+gedDrgW8zI=",
      "last_login": "2026-03-07T20:17:13.158Z",
      "is_superuser": false,
      "first_name": "เดชนรงค์",
      "last_name": "นวลอ่อน",
      "is_staff": false,
      "is_active": true,
      "date_joined": "2026-02-26T09:43:13.612Z",
      "role": "USER",
      "is_deleted": false,
      "deleted_at": null,
      "groups": [],
      "user_permissions": [],
      "email": "tast12@gmail.com"
    }
  },
  {
    "model": "users.user",
    "pk": "tast13@gmail.com",
    "fields": {
      "password": "pbkdf2_sha256$1200000$G9zDm3IQI3F23aDWJzZee2$B1qcpOHAgeAn+22e+Q2G/QXMYgoMpyFDddWUro57E3c=",
      "last_login": "2026-03-01T20:08:49.232Z",
      "is_superuser": false,
      "first_name": "วิภารัตน์",
      "last_name": "โสมา",
      "is_staff": false,
      "is_active": true,
      "date_joined": "2026-02-26T09:43:29.588Z",
      "role": "USER",
      "is_deleted": false,
      "deleted_at": null,
      "groups": [],
      "user_permissions": [],
      "email": "tast13@gmail.com"
    }
  },
  {
    "model": "users.user",
    "pk": "tast14@gmail.com",
    "fields": {
      "password": "pbkdf2_sha256$1200000$Ch13rvzL1lrJGjzzWAKuCL$yPdwI/RRmLDDIVUlbZQwUaDxSXKuFdSH41wOihlBXSk=",
      "last_login": "2026-03-01T20:10:12.151Z",
      "is_superuser": false,
      "first_name": "นันทกานต์",
      "last_name": "นารี",
      "is_staff": false,
      "is_active": true,
      "date_joined": "2026-02-26T09:49:08.054Z",
      "role": "USER",
      "is_deleted": false,
      "deleted_at": null,
      "groups": [],
      "user_permissions": [],
      "email": "tast14@gmail.com"
    }
  },
  {
    "model": "users.user",
    "pk": "tast15@gmail.com",
    "fields": {
      "password": "pbkdf2_sha256$1200000$FnfV8cjgcGJJT4QrqjVAo2$Ynzkz0mPeXRzVtN9yxgaD77qC70LB0w87ra/VUxdWUM=",
      "last_login": "2026-03-01T20:12:14.842Z",
      "is_superuser": false,
      "first_name": "ธานิน",
      "last_name": "ราชริน",
      "is_staff": false,
      "is_active": true,
      "date_joined": "2026-02-26T09:49:24.119Z",
      "role": "USER",
      "is_deleted": false,
      "deleted_at": null,
      "groups": [],
      "user_permissions": [],
      "email": "tast15@gmail.com"
    }
  },
  {
    "model": "users.user",
    "pk": "tast16@gmail.com",
    "fields": {
      "password": "pbkdf2_sha256$1200000$VoGx4lddAaSWmYcQCI9uTh$fCOshRU0fy3aiK83gpDAQY1XjzcfKb75aQQq05oEaAw=",
      "last_login": "2026-03-07T19:59:54.724Z",
      "is_superuser": false,
      "first_name": "ชมพูนุช",
      "last_name": "วาริสา",
      "is_staff": false,
      "is_active": true,
      "date_joined": "2026-02-26T09:49:46.832Z",
      "role": "USER",
      "is_deleted": false,
      "deleted_at": null,
      "groups": [],
      "user_permissions": [],
      "email": "tast16@gmail.com"
    }
  },
  {
    "model": "users.user",
    "pk": "tast17@gmail.com",
    "fields": {
      "password": "pbkdf2_sha256$1200000$CH8TDoAAJnssIZjp514BrM$Qbx3KMLcLWSU4sYXDY2spLA2f6AW/tZgBZnbekEGJSw=",
      "last_login": "2026-03-01T20:16:23.400Z",
      "is_superuser": false,
      "first_name": "ปวริส",
      "last_name": "มีแสง",
      "is_staff": false,
      "is_active": true,
      "date_joined": "2026-02-26T09:50:07.700Z",
      "role": "USER",
      "is_deleted": false,
      "deleted_at": null,
      "groups": [],
      "user_permissions": [],
      "email": "tast17@gmail.com"
    }
  },
  {
    "model": "users.user",
    "pk": "tast18@gmail.com",
    "fields": {
      "password": "pbkdf2_sha256$1200000$PbUBXak5i8wwqx94rsTgS9$lYXKTco9Rvgj5rS/3B+86IK2yMkfjkUOqN4yh4EDMe8=",
      "last_login": "2026-02-26T09:50:38.828Z",
      "is_superuser": false,
      "first_name": "",
      "last_name": "",
      "is_staff": false,
      "is_active": true,
      "date_joined": "2026-02-26T09:50:37.703Z",
      "role": "USER",
      "is_deleted": false,
      "deleted_at": null,
      "groups": [],
      "user_permissions": [],
      "email": "tast18@gmail.com"
    }
  },
  {
    "model": "users.user",
    "pk": "tast19@gmail.com",
    "fields": {
      "password": "pbkdf2_sha256$1200000$Vn3UMYC7xw3cavRaa8BUGB$e2ZZtRANJFVZrWGisP3a+60FGPSyUDYMPLIcRd7QeXk=",
      "last_login": "2026-03-07T20:02:42.212Z",
      "is_superuser": false,
      "first_name": "ศศิวิมน",
      "last_name": "กองพร",
      "is_staff": false,
      "is_active": true,
      "date_joined": "2026-02-26T09:50:55.924Z",
      "role": "USER",
      "is_deleted": false,
      "deleted_at": null,
      "groups": [],
      "user_permissions": [],
      "email": "tast19@gmail.com"
    }
  },
  {
    "model": "users.user",
    "pk": "tast1@gmail.com",
    "fields": {
      "password": "pbkdf2_sha256$1200000$U7o5I8ZFbTOD30e02UeVr9$Ntm1I1QiOVCymkpExpIoxF+a/8FySj4vQ458BsSkdrQ=",
      "last_login": "2026-03-07T23:37:56.297Z",
      "is_superuser": false,
      "first_name": "Pansak",
      "last_name": "Patsaman",
      "is_staff": false,
      "is_active": true,
      "date_joined": "2026-02-20T13:36:55.750Z",
      "role": "USER",
      "is_deleted": false,
      "deleted_at": null,
      "groups": [],
      "user_permissions": [],
      "email": "tast1@gmail.com"
    }
  },
  {
    "model": "users.user",
    "pk": "tast20@gmail.com",
    "fields": {
      "password": "pbkdf2_sha256$1200000$XDurqGDzMVqdpM3NvL5FVa$chMqkX7nxnpYIlydCQ8BijWoDP60dpOClw2SmuZKiCU=",
      "last_login": "2026-03-01T20:19:32.651Z",
      "is_superuser": false,
      "first_name": "จุฑามณี",
      "last_name": "ศิริบูรณะเกียตร",
      "is_staff": false,
      "is_active": true,
      "date_joined": "2026-02-26T09:51:11.857Z",
      "role": "USER",
      "is_deleted": false,
      "deleted_at": null,
      "groups": [],
      "user_permissions": [],
      "email": "tast20@gmail.com"
    }
  },
  {
    "model": "users.user",
    "pk": "tast21@gmail.com",
    "fields": {
      "password": "pbkdf2_sha256$1200000$GnCDT4mLckyEzfAgF4uBfL$VxkB5PqTNckHO1fTKcjUQSAPWVG0vwxFQmGe1BmphFY=",
      "last_login": "2026-03-07T20:03:10.772Z",
      "is_superuser": false,
      "first_name": "ต๊วดงัด",
      "last_name": "อาสา",
      "is_staff": false,
      "is_active": true,
      "date_joined": "2026-03-07T20:03:09.513Z",
      "role": "USER",
      "is_deleted": false,
      "deleted_at": null,
      "groups": [],
      "user_permissions": [],
      "email": "tast21@gmail.com"
    }
  },
  {
    "model": "users.user",
    "pk": "tast2@gmail.com",
    "fields": {
      "password": "pbkdf2_sha256$1200000$mAHiMzPaoF8Lo8KiZaR6tY$6GO84ykzOmAszdF+oSpyMCKOlamvgT53ogK4B55xaTw=",
      "last_login": "2026-03-07T23:37:47.770Z",
      "is_superuser": false,
      "first_name": "โครงการฮักบ้านเกิด",
      "last_name": "",
      "is_staff": false,
      "is_active": true,
      "date_joined": "2026-02-20T14:10:20.023Z",
      "role": "USER",
      "is_deleted": false,
      "deleted_at": null,
      "groups": [],
      "user_permissions": [],
      "email": "tast2@gmail.com"
    }
  },
  {
    "model": "users.user",
    "pk": "tast3@gmail.com",
    "fields": {
      "password": "pbkdf2_sha256$1200000$qrVX5xfkIbGd99PeC9UF6L$sQS+MvZTz5/nO7AcGyWawp28IAU9hnJMvUbdgIAZc8Q=",
      "last_login": "2026-03-01T20:22:38.999Z",
      "is_superuser": false,
      "first_name": "แก้วตา",
      "last_name": "ดวงใจ",
      "is_staff": false,
      "is_active": true,
      "date_joined": "2026-02-23T18:02:25.692Z",
      "role": "USER",
      "is_deleted": false,
      "deleted_at": null,
      "groups": [],
      "user_permissions": [],
      "email": "tast3@gmail.com"
    }
  },
  {
    "model": "users.user",
    "pk": "tast4@gmail.com",
    "fields": {
      "password": "pbkdf2_sha256$1200000$RHMRODgDjm7Fjno3MDytSv$ezNLlEeiSRvLXlYumUE5eCn3O2OCfMSC6ABT1td8r1k=",
      "last_login": "2026-03-07T23:25:35.249Z",
      "is_superuser": false,
      "first_name": "เดิ่นโฮมใจ By ธงธานี",
      "last_name": "By ธงธานี",
      "is_staff": false,
      "is_active": true,
      "date_joined": "2026-02-23T18:28:36.932Z",
      "role": "USER",
      "is_deleted": false,
      "deleted_at": null,
      "groups": [],
      "user_permissions": [],
      "email": "tast4@gmail.com"
    }
  },
  {
    "model": "users.user",
    "pk": "tast5@gmail.com",
    "fields": {
      "password": "pbkdf2_sha256$1200000$ZmrrMQ7tQaOXWWBjRe6UUZ$vjAujPT+ygMwBWfuEmyrumeulSprTW+60QBoRmiUpDo=",
      "last_login": "2026-03-07T21:31:37.309Z",
      "is_superuser": false,
      "first_name": "Thanyaporn",
      "last_name": "Bunsri",
      "is_staff": false,
      "is_active": true,
      "date_joined": "2026-02-24T20:54:00.844Z",
      "role": "USER",
      "is_deleted": false,
      "deleted_at": null,
      "groups": [],
      "user_permissions": [],
      "email": "tast5@gmail.com"
    }
  },
  {
    "model": "users.user",
    "pk": "tast6@gmail.com",
    "fields": {
      "password": "pbkdf2_sha256$1200000$EEl2aCT1MhA4TXLlD3RCSC$xvR2ez5uqgxwyuHbfGyjSf4SyF/fhdleu7OOc1/imCE=",
      "last_login": "2026-03-08T01:37:03.908Z",
      "is_superuser": false,
      "first_name": "Kitti",
      "last_name": "Pong",
      "is_staff": false,
      "is_active": true,
      "date_joined": "2026-02-26T09:40:55.344Z",
      "role": "USER",
      "is_deleted": false,
      "deleted_at": null,
      "groups": [],
      "user_permissions": [],
      "email": "tast6@gmail.com"
    }
  },
  {
    "model": "users.user",
    "pk": "tast7@gmail.com",
    "fields": {
      "password": "pbkdf2_sha256$1200000$TWfnhbTyfBHclZe4EsSBMh$dqeKlhTCo19BlbtHTHnHSPCu+LaSrdgs6fN2IHFF+kk=",
      "last_login": "2026-03-07T23:35:38.247Z",
      "is_superuser": false,
      "first_name": "วรางคณา",
      "last_name": "ใจเพียร",
      "is_staff": false,
      "is_active": true,
      "date_joined": "2026-02-26T09:41:21.541Z",
      "role": "USER",
      "is_deleted": false,
      "deleted_at": null,
      "groups": [],
      "user_permissions": [],
      "email": "tast7@gmail.com"
    }
  },
  {
    "model": "users.user",
    "pk": "tast8@gmail.com",
    "fields": {
      "password": "pbkdf2_sha256$1200000$lBBm7Q5Jmx258G2dkHQrK8$dMG4U85KHrG0ymZMrICd+lj+eMrUifzFu2gGFfvLBXI=",
      "last_login": "2026-03-01T19:43:17.385Z",
      "is_superuser": false,
      "first_name": "Thanaphat",
      "last_name": "Saenghiran",
      "is_staff": false,
      "is_active": true,
      "date_joined": "2026-02-26T09:41:48.995Z",
      "role": "USER",
      "is_deleted": false,
      "deleted_at": null,
      "groups": [],
      "user_permissions": [],
      "email": "tast8@gmail.com"
    }
  },
  {
    "model": "users.user",
    "pk": "tast9@gmail.com",
    "fields": {
      "password": "pbkdf2_sha256$1200000$1LojDDW11GMr8oJPWlO3qp$uqPK22XvS8H7SVKJR51MKjEmqTRF2nPg3QNJ/hONowY=",
      "last_login": "2026-03-07T21:57:55.933Z",
      "is_superuser": false,
      "first_name": "โพนขิงงาม",
      "last_name": "",
      "is_staff": false,
      "is_active": true,
      "date_joined": "2026-02-26T09:42:05.444Z",
      "role": "USER",
      "is_deleted": false,
      "deleted_at": null,
      "groups": [],
      "user_permissions": [],
      "email": "tast9@gmail.com"
    }
  },
  {
    "model": "users.profile",
    "pk": "66@ubu.ac.th",
    "fields": {
      "profile_picture": "profile_pics/default.jpg",
      "cover_picture": "",
      "nickname": "",
      "birth_date": null,
      "phone_number": "",
      "contact_info": "",
      "email": null,
      "gender": "",
      "phone": "",
      "address": "",
      "followers": []
    }
  },
  {
    "model": "users.profile",
    "pk": "admin@gmail.com",
    "fields": {
      "profile_picture": "profile_pics/default.jpg",
      "cover_picture": "",
      "nickname": "",
      "birth_date": null,
      "phone_number": "",
      "contact_info": "",
      "email": null,
      "gender": "",
      "phone": "",
      "address": "",
      "followers": []
    }
  },
  {
    "model": "users.profile",
    "pk": "kanyarat.bua.66@ubu.ac.th",
    "fields": {
      "profile_picture": "profile_pics/แพรว.jpg",
      "cover_picture": "",
      "nickname": "แพรว",
      "birth_date": "2004-03-22",
      "phone_number": "",
      "contact_info": "FB : แพรว",
      "email": null,
      "gender": "หญิง",
      "phone": "0968862392",
      "address": "23/1 สกลนคร",
      "followers": []
    }
  },
  {
    "model": "users.profile",
    "pk": "kanyarat.buachum7516@gmail.com",
    "fields": {
      "profile_picture": "profile_pics/สวย.jpg",
      "cover_picture": "",
      "nickname": "พลอย",
      "birth_date": "2000-01-01",
      "phone_number": "",
      "contact_info": "FB : ploy_pat",
      "email": null,
      "gender": "หญิง",
      "phone": "0997456891",
      "address": "สมุทรสาคร",
      "followers": [
        "tast2@gmail.com"
      ]
    }
  },
  {
    "model": "users.profile",
    "pk": "tast10@gmail.com",
    "fields": {
      "profile_picture": "profile_pics/8b6afc20-eb7b-4874-9296-e6c21dea612f.jpg",
      "cover_picture": "",
      "nickname": "น้ำตาล",
      "birth_date": "2000-02-09",
      "phone_number": "",
      "contact_info": "FB : Chon_Nam",
      "email": null,
      "gender": "หญิง",
      "phone": "0874145813",
      "address": "จ.ร้อยเอ็ด",
      "followers": []
    }
  },
  {
    "model": "users.profile",
    "pk": "tast11@gmail.com",
    "fields": {
      "profile_picture": "profile_pics/a679f978-9b55-453a-9f7c-be52fb7a4cc1.jpg",
      "cover_picture": "",
      "nickname": "นิรา",
      "birth_date": "2001-06-21",
      "phone_number": "",
      "contact_info": "FB : Nira",
      "email": null,
      "gender": "หญิง",
      "phone": "0874625413",
      "address": "สกลนคร",
      "followers": []
    }
  },
  {
    "model": "users.profile",
    "pk": "tast12@gmail.com",
    "fields": {
      "profile_picture": "profile_pics/9bf51bdd-9f73-4681-873c-2546612cdfe2.jpg",
      "cover_picture": "",
      "nickname": "เซฟ",
      "birth_date": "2004-07-14",
      "phone_number": "",
      "contact_info": "FB : Deachnaromg",
      "email": null,
      "gender": "ชาย",
      "phone": "0958792544",
      "address": "มหาสารคาม",
      "followers": []
    }
  },
  {
    "model": "users.profile",
    "pk": "tast13@gmail.com",
    "fields": {
      "profile_picture": "profile_pics/9feaf2d9-df7e-4946-ac56-2e0e8b868800.jpg",
      "cover_picture": "",
      "nickname": "ใบเตย",
      "birth_date": "2004-10-31",
      "phone_number": "",
      "contact_info": "FB : Wiparat Soma",
      "email": null,
      "gender": "หญิง",
      "phone": "08745693258",
      "address": "สกลนคร",
      "followers": []
    }
  },
  {
    "model": "users.profile",
    "pk": "tast14@gmail.com",
    "fields": {
      "profile_picture": "profile_pics/e3b242a0-0085-4888-b9bb-18aa2ed1452e.jpg",
      "cover_picture": "",
      "nickname": "หวานใจ",
      "birth_date": "2009-05-10",
      "phone_number": "",
      "contact_info": "FB : หวานใจ-+-",
      "email": null,
      "gender": "หญิง",
      "phone": "",
      "address": "อุบลราชธานี",
      "followers": []
    }
  },
  {
    "model": "users.profile",
    "pk": "tast15@gmail.com",
    "fields": {
      "profile_picture": "profile_pics/ef442b9f-3a42-4ca6-8a85-8dc10825abf1.jpg",
      "cover_picture": "",
      "nickname": "แก็ป",
      "birth_date": "2004-01-13",
      "phone_number": "",
      "contact_info": "FB : Thanin Ratcharin",
      "email": null,
      "gender": "ชาย",
      "phone": "087945612",
      "address": "อุบลราชธานี",
      "followers": []
    }
  },
  {
    "model": "users.profile",
    "pk": "tast16@gmail.com",
    "fields": {
      "profile_picture": "profile_pics/f4f32246-7c46-4c76-a8d9-d6eca3a4ae9b.jpg",
      "cover_picture": "",
      "nickname": "พิ้ง",
      "birth_date": "2002-11-15",
      "phone_number": "",
      "contact_info": "FB : Pinky",
      "email": null,
      "gender": "หญิง",
      "phone": "064789513",
      "address": "บ้านบกหวาน ต.ค่ายบกหวาน อ.เมือง จ.หนองคาย",
      "followers": []
    }
  },
  {
    "model": "users.profile",
    "pk": "tast17@gmail.com",
    "fields": {
      "profile_picture": "profile_pics/232cd301-7b86-46ce-adff-0fd0dec6b6bc.jpg",
      "cover_picture": "",
      "nickname": "โฟล์ค",
      "birth_date": "2004-03-30",
      "phone_number": "",
      "contact_info": "FB :Powaris Meesaeng",
      "email": null,
      "gender": "ชาย",
      "phone": "",
      "address": "ร้อยเอ็ด",
      "followers": []
    }
  },
  {
    "model": "users.profile",
    "pk": "tast18@gmail.com",
    "fields": {
      "profile_picture": "profile_pics/default.jpg",
      "cover_picture": "",
      "nickname": "",
      "birth_date": null,
      "phone_number": "",
      "contact_info": "",
      "email": null,
      "gender": "",
      "phone": "",
      "address": "",
      "followers": []
    }
  },
  {
    "model": "users.profile",
    "pk": "tast19@gmail.com",
    "fields": {
      "profile_picture": "profile_pics/8a83c7b6-da28-443a-9a6b-3449a4dba30b.jpg",
      "cover_picture": "",
      "nickname": "กระต่าย",
      "birth_date": "2004-06-26",
      "phone_number": "",
      "contact_info": "FB :Sasiwimon Kongporn",
      "email": null,
      "gender": "หญิง",
      "phone": "08741025698",
      "address": "อุบลราชธานี",
      "followers": []
    }
  },
  {
    "model": "users.profile",
    "pk": "tast1@gmail.com",
    "fields": {
      "profile_picture": "profile_pics/แบงค.jpg",
      "cover_picture": "",
      "nickname": "แบงค์",
      "birth_date": "2004-02-13",
      "phone_number": "",
      "contact_info": "FB : Pansak Patsaman",
      "email": null,
      "gender": "ชาย",
      "phone": "0947894562",
      "address": "วารินชำราบ จังหวัดอุบลราชธานี",
      "followers": [
        "tast3@gmail.com"
      ]
    }
  },
  {
    "model": "users.profile",
    "pk": "tast20@gmail.com",
    "fields": {
      "profile_picture": "profile_pics/8fa691d2-1047-47ae-a815-1b7247ab5941.jpg",
      "cover_picture": "",
      "nickname": "ข้าวม่อน",
      "birth_date": "1999-11-11",
      "phone_number": "",
      "contact_info": "FB : _frxday",
      "email": null,
      "gender": "หญิง",
      "phone": "069874521",
      "address": "อุดรธานี",
      "followers": []
    }
  },
  {
    "model": "users.profile",
    "pk": "tast21@gmail.com",
    "fields": {
      "profile_picture": "profile_pics/ตวดงด.jpg",
      "cover_picture": "",
      "nickname": "",
      "birth_date": null,
      "phone_number": "",
      "contact_info": "",
      "email": null,
      "gender": "",
      "phone": "",
      "address": "",
      "followers": []
    }
  },
  {
    "model": "users.profile",
    "pk": "tast2@gmail.com",
    "fields": {
      "profile_picture": "profile_pics/ฮกบานเกด1.jpg",
      "cover_picture": "",
      "nickname": "ฮักบ้านเกิด",
      "birth_date": null,
      "phone_number": "",
      "contact_info": "FB : ฮักบ้านเกิด",
      "email": null,
      "gender": "",
      "phone": "0614567891",
      "address": "ศูนย์การเรียนรู้ชุมชนคนหนุ่มสาว บ้านกลางนาโน อำเภออากาศอำนวย จังหวัดสกลนคร",
      "followers": [
        "tast1@gmail.com",
        "tast5@gmail.com"
      ]
    }
  },
  {
    "model": "users.profile",
    "pk": "tast3@gmail.com",
    "fields": {
      "profile_picture": "profile_pics/b024f36f-4de9-49b5-b4fe-a476a9422c58.jpg",
      "cover_picture": "",
      "nickname": "มาย",
      "birth_date": "2006-01-05",
      "phone_number": "",
      "contact_info": "IG : my_your",
      "email": null,
      "gender": "หญิง",
      "phone": "096789475",
      "address": "โคราช",
      "followers": []
    }
  },
  {
    "model": "users.profile",
    "pk": "tast4@gmail.com",
    "fields": {
      "profile_picture": "profile_pics/อาสาพนทสรางสรรค_รอยเอด.jpg",
      "cover_picture": "",
      "nickname": "เดิ่นโฮมใจ By ธงธานี",
      "birth_date": "2026-03-02",
      "phone_number": "",
      "contact_info": "FB : เดิ่นโฮมใจ By ธงธานี",
      "email": null,
      "gender": "อื่นๆ",
      "phone": "08741025698",
      "address": "อ.ธงธานี จ.ร้อยเอ็ด",
      "followers": []
    }
  },
  {
    "model": "users.profile",
    "pk": "tast5@gmail.com",
    "fields": {
      "profile_picture": "profile_pics/เดยร.png",
      "cover_picture": "",
      "nickname": "เดียร์",
      "birth_date": "2005-12-29",
      "phone_number": "",
      "contact_info": "FB : Thanyaporn Bunsri",
      "email": null,
      "gender": "หญิง",
      "phone": "0971478523",
      "address": "อำเภอกุดข้าวปุ้น จังหวัดอุบลราชธานี",
      "followers": []
    }
  },
  {
    "model": "users.profile",
    "pk": "tast6@gmail.com",
    "fields": {
      "profile_picture": "profile_pics/อารม.jpg",
      "cover_picture": "",
      "nickname": "อาร์ม",
      "birth_date": "2004-07-15",
      "phone_number": "",
      "contact_info": "FB : Kitti Pong",
      "email": null,
      "gender": "ชาย",
      "phone": "0614567891",
      "address": "ต.โพนงาม อำเภอพิบูรมังสาหาร จังหวัดอุบลราชธานี",
      "followers": []
    }
  },
  {
    "model": "users.profile",
    "pk": "tast7@gmail.com",
    "fields": {
      "profile_picture": "profile_pics/เนต_2Zajnmi.png",
      "cover_picture": "",
      "nickname": "เน็ต",
      "birth_date": "2004-05-13",
      "phone_number": "",
      "contact_info": "FB : ibunet",
      "email": null,
      "gender": "หญิง",
      "phone": "0687945658",
      "address": "ดอนมดแดง อำเภอดอนมดแดง จังหวัดอุบลราชธาธี",
      "followers": [
        "tast6@gmail.com"
      ]
    }
  },
  {
    "model": "users.profile",
    "pk": "tast8@gmail.com",
    "fields": {
      "profile_picture": "profile_pics/พตม2.jpg",
      "cover_picture": "",
      "nickname": "ตั้ม",
      "birth_date": null,
      "phone_number": "",
      "contact_info": "FB :  Thanaphat Saenghiran",
      "email": null,
      "gender": "ชาย",
      "phone": "",
      "address": "สกลนคร",
      "followers": []
    }
  },
  {
    "model": "users.profile",
    "pk": "tast9@gmail.com",
    "fields": {
      "profile_picture": "profile_pics/ขงสกอย.jpg",
      "cover_picture": "",
      "nickname": "ขิงสกัดจากสก๊อย",
      "birth_date": null,
      "phone_number": "",
      "contact_info": "FB :เยาวชนโพนขิงงาม",
      "email": null,
      "gender": "อื่นๆ",
      "phone": "",
      "address": "ต.โพนงาม อ.อากาศอำนวย จ.สกลนคร",
      "followers": []
    }
  },
  {
    "model": "approver.postreport",
    "pk": 1,
    "fields": {
      "reporter": [
        "tast2@gmail.com"
      ],
      "post": 3,
      "reason": "ทดสอบ",
      "evidence_image": "",
      "status": "RESOLVED",
      "handled_by": [
        "admin@gmail.com"
      ],
      "handled_at": "2026-02-20T20:26:40.618Z",
      "action_note": "ลบโพสต์ (soft delete)",
      "created_at": "2026-02-20T14:34:14.319Z"
    }
  },
  {
    "model": "approver.postreport",
    "pk": 2,
    "fields": {
      "reporter": [
        "tast1@gmail.com"
      ],
      "post": 8,
      "reason": "รายงาน",
      "evidence_image": "",
      "status": "PENDING",
      "handled_by": null,
      "handled_at": null,
      "action_note": "",
      "created_at": "2026-03-02T00:41:55.272Z"
    }
  },
  {
    "model": "approver.postreport",
    "pk": 3,
    "fields": {
      "reporter": [
        "tast5@gmail.com"
      ],
      "post": 12,
      "reason": "ไม่เริ่ด",
      "evidence_image": "report_evidence/posts/33กลมตายาย.jpg",
      "status": "RESOLVED",
      "handled_by": [
        "admin@gmail.com"
      ],
      "handled_at": "2026-03-07T19:21:33.191Z",
      "action_note": "ซ่อนโพสต์",
      "created_at": "2026-03-07T19:21:14.299Z"
    }
  },
  {
    "model": "approver.postreport",
    "pk": 4,
    "fields": {
      "reporter": [
        "tast6@gmail.com"
      ],
      "post": 50,
      "reason": "ทดสอบ",
      "evidence_image": "report_evidence/posts/Gemini_Generated_Image_toan3xtoan3xtoan.png",
      "status": "RESOLVED",
      "handled_by": [
        "admin@gmail.com"
      ],
      "handled_at": "2026-03-08T00:43:47.302Z",
      "action_note": "ซ่อนโพสต์",
      "created_at": "2026-03-08T00:43:34.256Z"
    }
  },
  {
    "model": "post.post",
    "pk": 1,
    "fields": {
      "title": "Melody Of Winter",
      "description": "📣ก๊อกๆๆ ถึงความหนาวจะค่อยๆหายไปแต่กิจกรรมของเรายังอยู่✅\r\nใกล้สอบเสร็จแล้วว มาเตรียมหาพื้นที่สำหรับผ่อนคลายสมองและจิตใจกันเถอะ✨\r\nขอเชิญชวนชาวUBU เข้าร่วมกิจกรรม Melody Of Winter \"ฮีลใจในสายลม\"🍃\r\nมานั่งฟังดนตรีสดเพราะๆ กับเพื่อน กับคนรู้ใจ หรือจะมาคนเดียวก็ได้น้าาา\r\nภายในงานเรามี ‼️ของกินและเครื่องดื่มแจกฟรี‼️ มีการเล่นเกมแจกของรางวัล💯\r\nและจับสลากสุ่มผู้โชคดีเพื่อรับรางวัลสุดพิเศษจากทางโครงการ✨\r\n🗓️ วันอาทิตย์ ที่ 25 มกราคม 2569\r\n🕔 เวลา 17:00 น. เป็นต้นไป\r\n📍สถานที่ : ลานตึกกิจกรรมนักศึกษา มหาวิทยาลัยอุบลราชธานี\r\nแบบนี้ไม่มาไม่ได้แล้ววว เพราะผู้โชคดีอาจเป็นคุณ🎉🎉\r\nแล้วมาจอยกันน้าาา 🥳🎹🎸🎤\r\nhttps://maps.app.goo.gl/YWAucuE5ckNYdqRt8\r\n#เพื่อนกันจอยได้ไม่ต้องดื่ม\r\n#เครือข่ายมหาวิทยาลัยรู้เท่าทันแอลกอฮอล์\r\n#GenZNoสนเยาวชนNoL\r\n#มหาวิทยาลัยอุบลราชธานี\r\n#UBUBuildUp ✨✨",
      "location": "ลานตึกกิจกรรมนักศึกษา มหาวิทยาลัยอุบลราชธานี",
      "event_date": "2026-01-25T10:00:00Z",
      "category": "จิตอาสาด้านเยาวชนและเด็ก",
      "slots_available": 0,
      "fee": null,
      "allow_register": false,
      "image": "activity_images/melody_of_winter.jpg",
      "schedule": "",
      "map_lat": 15.123389,
      "map_lng": 104.906942,
      "create_group": false,
      "organizer": [
        "kanyarat.bua.66@ubu.ac.th"
      ],
      "created_at": "2026-02-19T17:12:18.421Z",
      "updated_at": "2026-03-01T17:10:41.200Z",
      "is_hidden": false,
      "is_deleted": false,
      "status": "APPROVED",
      "likes": [
        [
          "tast6@gmail.com"
        ]
      ],
      "saves": []
    }
  },
  {
    "model": "post.post",
    "pk": 2,
    "fields": {
      "title": "รับลมชมหนัง",
      "description": "สวัสดีพี่น้องชาวมออู้บู้ทูกกคนนนค่าาา\r\nหน้าหนาวเหงาๆนี้ อยากชวนทุกคนมารับลมชมหนังด้วยกัน\r\nวันพฤหัสบดี 12•12•นี้\r\nที่ ลานบึกบึน 17.30 นี้.เริ่มกิจกรรม\r\nลงทะเบียนรับ ขนม น้ำ ยาดม พัด ฟรี! ตลอดงานจนกว่าของจะหมด\r\nหนังเริ่มฉาย18.00 น. สัปเหร่อ\r\nหนาวนี้มาดูหนังโรเเมนติกๆน่ารักๆ ให้หัวใจไม่เหงากันนะคะ\r\nถึงแม้จะหนาวแต่ไม่เหงานะ\r\n\r\n#กิจกรรมรับลมชมหนัง\r\nภายใต้โครงการรณรงค์เพื่อสนับสนุนการลดการบริโภคเครื่องดื่มแอลกอฮอล์ในกลุ่มนักศึกษา\r\n\r\n#สสส #ขสย #มหาวิทยาลัยอุบลราช #เครือข่ายนักศึกษาสร้างเสริมสุขภาพ\r\n#ดีลไม่ดื่ม ดูน้อยลง",
      "location": "ลานบึกบึน",
      "event_date": "2025-12-12T10:30:00Z",
      "category": "จิตอาสาด้านเยาวชนและเด็ก",
      "slots_available": 0,
      "fee": null,
      "allow_register": false,
      "image": "activity_images/โปสเตอรชวนดหน_c4A5mYs.jpg",
      "schedule": "",
      "map_lat": 15.120759,
      "map_lng": 104.910094,
      "create_group": false,
      "organizer": [
        "kanyarat.buachum7516@gmail.com"
      ],
      "created_at": "2026-02-19T17:18:53.531Z",
      "updated_at": "2026-02-19T17:42:57.250Z",
      "is_hidden": false,
      "is_deleted": false,
      "status": "APPROVED",
      "likes": [
        [
          "tast2@gmail.com"
        ],
        [
          "tast6@gmail.com"
        ]
      ],
      "saves": []
    }
  },
  {
    "model": "post.post",
    "pk": 3,
    "fields": {
      "title": "กิจกรรมณรงค์ลด ละ เลิกการดื่มเครื่องแอลกอฮอล์",
      "description": "วันที่ 28 ธันวาคม 2566\r\n  กลุ่มเครือข่ายนักศึกษาสร้างเสริมสุขภาพ มหาวิทยาลัยอุบลราชธานี ได้จัดกิจกรรมณรงค์ลด ละ เลิกการดื่มเครื่องแอลกอฮอล์ และการขับขี่ปลอดภัยช่วงอุบัติเหตุ  ในชื่อโครงการรณรงค์ปีใหม่กลับบ้านกลับมอ (มหาวิทยาลัยอุบลราชธานี) ปลอดภัย เพื่อสื่อสารกระตุ้นเตือนและรณรงค์การลด ละ เลิกดื่มเครื่องดื่มแอลกอฮอล์ในช่วงเทศกาลปีใหม่ รวมถึงการเฝ้าระวังการขับขี่ยานพาหนะต่างๆในช่วงเทศกาลปีใหม่ โดยเฉพาะเมาไม่ขับ\r\nณ  บริเวณจุดรอรถโดยสาร  ,โรงอาหารกลาง ,โรงอาหารหอใน , โรงอาหารคณะวิศวกรรมศาสตร์  มหาวิทยาลัยอุบลราชธานี\r\nพร้อมกันนี้ได้แจกการ์ดอวยพรปีใหม่ กลับบ้าน กลับมอปลอดภัย จำนวน 200 แผ่น ให้กับเพื่อนๆ พี่ๆนักศึกษาที่กำลังจะเดินทางกลับบ้าน   นอกจากนี้หลังปีใหม่ กลับมาถึงมอ แล้วสามารถนำการ์ดที่ได้มารับของที่ระลึกจากเครือข่ายนักศึกษา สร้างเสริมสุขภาพ\r\nดำเนินการโดย\r\n#เครือข่ายนักศึกษาสร้างเสริมสุขภาพ มหาวิทยาลัยอุบลราชธานี\r\nองค์กรร่วม\r\no เครือข่ายเยาวชนลดปัจจัยเสี่ยง\r\no เครือข่ายสร้างเสริมสุขภาพเยาวชน (ขสย.)\r\no มูลนิธิเด็ก เยาวชน และครอบครัว\r\no สำนักงานกองทุนสนับสนุนการสร้างเสริมสุขภาพ (สสส.)",
      "location": "มหาวิทยาลัยอุบลราชธานี",
      "event_date": "2023-12-28T06:00:00Z",
      "category": "กิจกรรมรณรงค์/ประกวด",
      "slots_available": 0,
      "fee": null,
      "allow_register": false,
      "image": "activity_images/ปใหมกลบบานปลอดภย.jpg",
      "schedule": "schedules/เดกดอย_dEzX5YM.jpg",
      "map_lat": 15.121078,
      "map_lng": 104.905937,
      "create_group": true,
      "organizer": [
        "tast2@gmail.com"
      ],
      "created_at": "2026-02-20T14:31:51.958Z",
      "updated_at": "2026-03-01T22:53:25.193Z",
      "is_hidden": false,
      "is_deleted": false,
      "status": "APPROVED",
      "likes": [
        [
          "tast6@gmail.com"
        ]
      ],
      "saves": []
    }
  },
  {
    "model": "post.post",
    "pk": 4,
    "fields": {
      "title": "เวทีอบรมเชิงปฏิบัติการ",
      "description": "วันที่​ 27​ กันยายน​ 2567 เครือข่ายเยาวชนสร้างเสริมสุขภาพและแกนนำนักศึกษามหาวิทยาลัยอุบลราขธานี จัดเวทีอบรมเชิงปฏิบัติการ เสริมสร้างความตระหนัก รับรู้ผลกระทบจากการดื่มเครื่องดื่มแอลกอฮอล์ในช่วงสอบ โดยมีคุณอมร  วิชัยวงค์ หัวหน้างานพัฒนานักศึกษา, อ.เพ็ญพักตร์ ไชยส่งเมือง คณะพยาบาลศาสตร์และที่ปรึกษาโครงการ และเจ้าหน้าที่งานพัฒนานักศึกษา โดยมีแกนนำนักศึกษาและสโมสรนักศึกษามหาวิทยาลัยอุบลราชธานี และสโมสรนักศึกษาคณะวิศวะกรรมศาสตร์ คณะรัฐศาสตร์ คณะวิทยาศาสตร์ คณะเกษตรศาสตร์ คณะบริหารศาสตร์ คณะนิติศาสตร์ คณะพยาบาลศาสตร์ และเครือข่ายนักศึกษาสร้างเสริมสุข กว่า 40 คนเข้าร่วมกิจกรรม\r\nณ ห้องประชุมชั้น 3 สำนักงานอธิการบดีหลังเก่า มหาวิทยาลัยอุบลราชธานี\r\n#ดีลไม่ดื่มไม่ลืมสอบ\r\n#ช่วงสอบไม่ดื่ม\r\n#งานพัฒนานักศึกษา\r\n#มหาวิทยาลัยอุบลราชธานี\r\n#เครือข่ายสร้างเสริมสุขภาพเยาวชน\r\n#สสส #เครือข่ายลดปัจจัยเสี่ยง",
      "location": "ห้องประชุมชั้น 3 สำนักงานอธิการบดีหลังเก่า มหาวิทยาลัยอุบลราชธานี",
      "event_date": "2024-09-27T09:00:00Z",
      "category": "กิจกรรมรณรงค์/ประกวด",
      "slots_available": 0,
      "fee": null,
      "allow_register": false,
      "image": "activity_images/ดลไมดม_zOEx4xZ.jpg",
      "schedule": "schedules/อบรม_ดลไมดม.png",
      "map_lat": 15.117634,
      "map_lng": 104.904145,
      "create_group": false,
      "organizer": [
        "tast2@gmail.com"
      ],
      "created_at": "2026-02-20T20:41:45.559Z",
      "updated_at": "2026-03-01T23:13:56.070Z",
      "is_hidden": false,
      "is_deleted": false,
      "status": "APPROVED",
      "likes": [
        [
          "tast6@gmail.com"
        ]
      ],
      "saves": []
    }
  },
  {
    "model": "post.post",
    "pk": 5,
    "fields": {
      "title": "ทดสอบด้วยยย",
      "description": "กอหดอด",
      "location": "มหาวิทยาลัยอุบลราชธานี",
      "event_date": "2026-02-06T05:00:00Z",
      "category": "จิตอาสาด้านการศึกษา",
      "slots_available": 2,
      "fee": null,
      "allow_register": false,
      "image": "activity_images/แตมสสานฝนปนสข_มกดาหาร_บานบง_4jCOzaa.jpg",
      "schedule": "schedules/เดกดอย_UZuGcwG.jpg",
      "map_lat": 15.246256,
      "map_lng": 104.815664,
      "create_group": true,
      "organizer": [
        "tast1@gmail.com"
      ],
      "created_at": "2026-02-20T20:42:31.730Z",
      "updated_at": "2026-03-01T23:48:05.289Z",
      "is_hidden": true,
      "is_deleted": false,
      "status": "APPROVED",
      "likes": [],
      "saves": []
    }
  },
  {
    "model": "post.post",
    "pk": 7,
    "fields": {
      "title": "ทดสอบ",
      "description": "ทดสอบ",
      "location": "โรงเรียนโพนงามศึกษา",
      "event_date": "2026-02-24T05:00:00Z",
      "category": "จิตอาสาด้านภัยพิบัติและบรรเทาทุกข์",
      "slots_available": 2,
      "fee": null,
      "allow_register": false,
      "image": "activity_images/Gemini_Generated_Image_7c9ggz7c9ggz7c9g_3.png",
      "schedule": "schedules/เดกดอย_E0ZxF4Y.jpg",
      "map_lat": 17.152267,
      "map_lng": 104.132967,
      "create_group": true,
      "organizer": [
        "tast2@gmail.com"
      ],
      "created_at": "2026-02-21T15:24:07.441Z",
      "updated_at": "2026-03-01T23:48:03.000Z",
      "is_hidden": true,
      "is_deleted": false,
      "status": "APPROVED",
      "likes": [
        [
          "tast3@gmail.com"
        ]
      ],
      "saves": [
        [
          "tast3@gmail.com"
        ]
      ]
    }
  },
  {
    "model": "post.post",
    "pk": 8,
    "fields": {
      "title": "กิจกรรมเพื่อน้อง",
      "description": "พาน้องๆ วาดภาพระบายสี เสริมทักษะการเรียนรู้ต่างๆ",
      "location": "ลานหมาแมว",
      "event_date": "2026-03-01T03:00:00Z",
      "category": "จิตอาสาด้านเยาวชนและเด็ก",
      "slots_available": 5,
      "fee": null,
      "allow_register": false,
      "image": "activity_images/Gemini_Generated_Image_7c9ggz7c9ggz7c9g_3_Uil20pk.png",
      "schedule": "schedules/เดกดอย_jcPCAug.jpg",
      "map_lat": 15.226878,
      "map_lng": 104.850512,
      "create_group": true,
      "organizer": [
        "tast2@gmail.com"
      ],
      "created_at": "2026-02-21T16:53:51.162Z",
      "updated_at": "2026-02-26T18:05:53.734Z",
      "is_hidden": false,
      "is_deleted": false,
      "status": "APPROVED",
      "likes": [
        [
          "tast1@gmail.com"
        ],
        [
          "tast3@gmail.com"
        ],
        [
          "tast6@gmail.com"
        ]
      ],
      "saves": [
        [
          "tast1@gmail.com"
        ],
        [
          "tast3@gmail.com"
        ]
      ]
    }
  },
  {
    "model": "post.post",
    "pk": 9,
    "fields": {
      "title": "ทดสอบการแจ้งเตือน",
      "description": "ดอิเิเกิก",
      "location": "ลานหมาแมว",
      "event_date": "2026-02-05T05:00:00Z",
      "category": "จิตอาสาด้านศาสนาและวัฒนธรรม",
      "slots_available": 0,
      "fee": null,
      "allow_register": false,
      "image": "activity_images/เดกดอยลอยทะเล_tGjgIJG.jpg",
      "schedule": "",
      "map_lat": 15.218354,
      "map_lng": 104.848538,
      "create_group": false,
      "organizer": [
        "tast2@gmail.com"
      ],
      "created_at": "2026-02-23T15:05:20.425Z",
      "updated_at": "2026-03-01T23:47:58.681Z",
      "is_hidden": true,
      "is_deleted": false,
      "status": "APPROVED",
      "likes": [],
      "saves": []
    }
  },
  {
    "model": "post.post",
    "pk": 10,
    "fields": {
      "title": "ทดสอบการยกเลิก",
      "description": "ดกิเกิเ",
      "location": "มหาวิทยาลัยอุบลราชธานี",
      "event_date": "2026-02-28T05:00:00Z",
      "category": "จิตอาสาด้านสิ่งแวดล้อม",
      "slots_available": 3,
      "fee": null,
      "allow_register": false,
      "image": "activity_images/เดกดอยลอยทะเล_Y9cI8AJ.jpg",
      "schedule": "",
      "map_lat": 15.23558,
      "map_lng": 104.826394,
      "create_group": true,
      "organizer": [
        "tast1@gmail.com"
      ],
      "created_at": "2026-02-23T18:00:50.917Z",
      "updated_at": "2026-03-01T23:47:59.741Z",
      "is_hidden": true,
      "is_deleted": false,
      "status": "APPROVED",
      "likes": [
        [
          "tast2@gmail.com"
        ],
        [
          "tast3@gmail.com"
        ]
      ],
      "saves": [
        [
          "tast2@gmail.com"
        ],
        [
          "tast3@gmail.com"
        ],
        [
          "tast4@gmail.com"
        ]
      ]
    }
  },
  {
    "model": "post.post",
    "pk": 11,
    "fields": {
      "title": "การสร้างแชต",
      "description": "การเข้าร่วมกิจกรรมแบบกลุ่ม",
      "location": "มหาวิทยาลัยอุบลราชธานี",
      "event_date": "2026-03-08T05:00:00Z",
      "category": "จิตอาสาด้านสิ่งแวดล้อม",
      "slots_available": 3,
      "fee": null,
      "allow_register": true,
      "image": "activity_images/เดกดอย_อคเลยม_qXnJbBP.jpg",
      "schedule": "",
      "map_lat": 15.233669,
      "map_lng": 104.810514,
      "create_group": true,
      "organizer": [
        "tast2@gmail.com"
      ],
      "created_at": "2026-02-27T15:55:55.333Z",
      "updated_at": "2026-03-01T23:47:56.690Z",
      "is_hidden": true,
      "is_deleted": false,
      "status": "APPROVED",
      "likes": [],
      "saves": []
    }
  },
  {
    "model": "post.post",
    "pk": 12,
    "fields": {
      "title": "ทดสอบ",
      "description": "หเกด้เ่้ด่เา้่",
      "location": "มหาวิทยาลัยอุบลราชธานี",
      "event_date": "2026-03-08T05:00:00Z",
      "category": "จิตอาสาด้านสัตว์และสิ่งมีชีวิต",
      "slots_available": 0,
      "fee": null,
      "allow_register": false,
      "image": "",
      "schedule": "",
      "map_lat": 15.216112,
      "map_lng": 104.816179,
      "create_group": true,
      "organizer": [
        "tast2@gmail.com"
      ],
      "created_at": "2026-03-01T16:34:14.530Z",
      "updated_at": "2026-03-02T01:19:42.751Z",
      "is_hidden": true,
      "is_deleted": false,
      "status": "APPROVED",
      "likes": [],
      "saves": []
    }
  },
  {
    "model": "post.post",
    "pk": 13,
    "fields": {
      "title": "จัดพื้นที่สร้างสรรค์ในชุมชน",
      "description": "เชิญชวนจ้า ใครมีใจก็ตามมา\r\nอยากลองอะไรใหม่ ๆ ได้ประสบการณ์เท่ ๆ มั้ย?\r\nมาเป็น อาสาสมัครสุดคูล กับเรา เตรียมพื้นที่สร้างสรรค์  กิจกรรม \"เดิ่นโฮมใจ BYธงธานี\" ณ.ตลาดโอกาสดี หมู่10 ต.ธงธานี อ.ธวัชบุรี\r\n\r\n สิ่งที่จะได้กลับไป:\r\n ประสบการณ์ใหม่ไม่ซ้ำใคร\r\n เพื่อนใหม่ ทีมเวิร์กสุดมันส์\r\n โชว์ไอเดียแบบไม่มีกรอบ\r\n สกิลใหม่ ๆ ที่ใช้ได้จริงในชีวิต\r\n\r\n ไม่จำกัดเพศ ไม่จำกัดวัย ขอแค่มีใจพร้อมลุย!\r\n\r\n สมัครได้ตั้งแต่วันนี้ – 1 ธ.ค. 2568\r\n ต.ธงธานี อ.ธวัชบุรี จ.ร้อยเอ็ด\r\n\r\nติดต่อเลย \r\n 084-9721165 (เดี่ยว)\r\n 063-4185175 (พี่เจี๊ยบๆ)",
      "location": "หมู่10 ต.ธงธานี อ.ธวัชบุรี",
      "event_date": "2026-03-05T01:00:00Z",
      "category": "จิตอาสาด้านสาธารณประโยชน์",
      "slots_available": 20,
      "fee": null,
      "allow_register": false,
      "image": "activity_images/อาสาพนทสรางสรรค_รอยเอด.jpg",
      "schedule": "",
      "map_lat": 16.112353,
      "map_lng": 103.840919,
      "create_group": true,
      "organizer": [
        "tast4@gmail.com"
      ],
      "created_at": "2026-03-01T18:07:46.590Z",
      "updated_at": "2026-03-02T00:16:31.854Z",
      "is_hidden": false,
      "is_deleted": false,
      "status": "APPROVED",
      "likes": [
        [
          "tast1@gmail.com"
        ],
        [
          "tast6@gmail.com"
        ]
      ],
      "saves": [
        [
          "tast1@gmail.com"
        ]
      ]
    }
  },
  {
    "model": "post.post",
    "pk": 15,
    "fields": {
      "title": "เด็กสกลพาชม 5 ลายผ้าคราม ยอดฮิต",
      "description": "เด็กสกลพาชม 5 ลายผ้าคราม ยอดฮิต\r\nชาวบ้านกล่าว \" ของดีเมืองสกล \"\r\n#สสส\r\n#สำนักสร้างสรรค์โอกาส\r\n#ฮักบ้านเกิด",
      "location": "สกลนคร",
      "event_date": "2026-03-06T05:00:00Z",
      "category": "จิตอาสาด้านศาสนาและวัฒนธรรม",
      "slots_available": 0,
      "fee": null,
      "allow_register": false,
      "image": "activity_images/เดกสกลผาคราม.jpg",
      "schedule": "",
      "map_lat": 17.164535,
      "map_lng": 104.153814,
      "create_group": false,
      "organizer": [
        "tast1@gmail.com"
      ],
      "created_at": "2026-03-02T00:37:09.834Z",
      "updated_at": "2026-03-02T01:19:40.769Z",
      "is_hidden": false,
      "is_deleted": false,
      "status": "APPROVED",
      "likes": [
        [
          "tast6@gmail.com"
        ]
      ],
      "saves": []
    }
  },
  {
    "model": "post.post",
    "pk": 16,
    "fields": {
      "title": "โปสการ์ด ห่วงใย กลับบ้านปลอดภัย หลังปีใหม่กลับ ม. มาเจอกัน",
      "description": "ปีใหม่ปีนี้ 2567 นี้\r\n ขอเชิญชวนพี่ๆ เพื่อนๆ น้องๆ มหาวิทยาลัยอุบลราชธานี ร่วมเป็นส่วนหนึ่งในโครงการรณรงค์ปีใหม่ กลับบ้านกลับมอ (มหาวิทยาลัย) ปลอดภัย\r\nกิจกรรมโดนใจได้ของที่ระลึกจาก โครงการ ดังนี้\r\nช่วงวันที่ 28 ธ.ค. 66 -3 ม.ค. 67\r\n โปสการ์ด ห่วงใย กลับบ้านปลอดภัย หลังปีใหม่กลับ ม. มาเจอกัน \r\n  โดยโปสการ์ดจะมีการแจกให้ก่อนกลับบ้านปีใหม่ และคนที่ได้รับสามารถนำการ์ด มาแลกของที่ระลึกแบบจุกๆได้เลย\r\nวันที่ 4-5 มกราคม 67\r\n วงคุยเล็กๆ ที่หอใน : ช่วงปีใหม่ทำอะไรกันมาบ้างนะ (เล่าสู่กันฟัง)\r\n ร่วมแสดงความเห็นเรื่อง : ถ้าผับ/ร้านเหล้าเปิดได้ถึงตี 4 ที่อุบลฯ\r\nตั้งแต่เวลา 17.00-20.00 น.\r\n\r\nสามารถนำโปสการ์ด มาแลกของที่ระลึกได้ที่ บริเวณหน้าเบสมาร์ท หอใน \r\nวันที่ 4-5 มกราคม 2567\r\nได้ตั้งแต่เวลา 17.00-20.00 น.\r\n โปสการ์ด เรามีเพียง 200 ชิ้นเท่านั้นน่ะ\r\n~~~~~~~~~~~~~~\r\nสอบถามเพิ่มเติมได้ที่ 096-8862392 แพรว\r\nร่วมรณรงค์และห่วงใยโดย\r\n#สำนักงานกองทุนสนับสนุนการสร้างเสริมสุขภาพ #สสส #เครือข่ายสร้างเสริมสุขภาพเยาวชน #เครือข่ายเยาวชนลดปัจจัยเสี่ยง #มูลนิธิเด็กเยาวชนและครอบครัว #เครือข่ายเยาวชนภาคอีสาน",
      "location": "หอใน หน้าร้านค้า",
      "event_date": "2024-12-04T10:00:00Z",
      "category": "กิจกรรมรณรงค์/ประกวด",
      "slots_available": 200,
      "fee": null,
      "allow_register": false,
      "image": "activity_images/4-5_มค..jpg",
      "schedule": "schedules/4-5_มค..png",
      "map_lat": 15.119178,
      "map_lng": 104.911214,
      "create_group": true,
      "organizer": [
        "tast5@gmail.com"
      ],
      "created_at": "2026-03-07T19:48:15.716Z",
      "updated_at": "2026-03-07T21:18:07.275Z",
      "is_hidden": false,
      "is_deleted": false,
      "status": "APPROVED",
      "likes": [
        [
          "tast6@gmail.com"
        ]
      ],
      "saves": []
    }
  },
  {
    "model": "post.post",
    "pk": 17,
    "fields": {
      "title": "ตามรอยนิทาน ‘กินข้าวป่า‘",
      "description": "เปิดรับสมัครเด็กๆและผู้ปกครอง เข้าร่วมกิจกรรมสร้างสรรค์ในชุมชน\r\nกิจกรรม ตามรอยนิทาน ‘กินข้าวป่า‘ วันเสาร์ ที่ 7 มีนาคม 2569\r\n.\r\n ห้องสมุดแมวหางกิ้นส์ พื้นที่เรียนรู้ในชุมชนมีความตั้งใจจัดกิจกรรมสร้างสรรค์ ชวนเพื่อนๆ มาเล่น มาทำกิจกรรมกับเด็กๆ ให้ได้ในทุกๆเดือน อย่างน้อยเดือนละ 1 ครั้ง\r\nนิทาน กินข้าวป่า เป็นผลผลิตจากโครงการอ่านทั้งเมืองเรื่องเดียวกัน ของ สถาบันอุทยานการเรียนรู้(TK Park)  นิทานกินข้าวป่า เป็นเรื่องราวในประเด็นพื้นที่ชีวิตที่หยิบเอาตัวละครและฉาก สภาพแวดล้อมมในชุมชนบ้านหนองยาง ตำบลท่าเมือง มาเล่าเป็นนิทานโดย พี่รุ่ง(รุ่งทิวา วอทอง )\r\nหลานอิ๋มและหลานแจ๊ส ช่วยกันเล่าออกมาเป็นนิทานเล่มนี้ \r\nภาพประกอบสีน้ำสวยๆ ผลงาน ของ พี่ปุ้ย กับ พี่อรรถ\r\n รูปแบบกิจกรรม\r\n แนะนำหนังสือ กินข้าวป่า รู้จักนักเขียน นักวาด อ่านนิทานกินข้าวป่า\r\n ฝึกการบันทึก การวาดภาพ  การเขียนอย่างง่าย\r\n เดินเที่ยวชุมชน จากห้องสมุดไปแม่น้ำ ลัดเลาะป่า ทุ่งนา มาตลาดเมือเฮือน\r\n รับประทานอาหารเที่ยงร่วมกัน  / สรุปการเรียนรู้ร่วมกัน\r\n.\r\n สิ่งที่จะมีแจกในกิจกรรม\r\n  สมุดบันทึก  และ ภาพวาดฝีมือตนเอง\r\n.\r\n เปิดรับสมัคร ถึง 5 มีนาคม 2569\r\n สมัครได้ที่ ใต้โพสต์นี้\r\n.\r\n สอบถามเพิ่มเติม\r\nคะทาวุธ(จุ้ย) โทร . 081-9123126\r\nหมายเหตุ : กิจกรรมได้รับการสนับสนุนจาก\r\nเครือข่ายสร้างเสริมสุขภาพเยาวชน(ขสย.)\r\n#ห้องสมุดแมวหางกิ้นส์",
      "location": "ชุมชนบ้านหนองยาง ตำบลท่าเมือง",
      "event_date": "2026-03-05T01:00:00Z",
      "category": "จิตอาสาด้านเยาวชนและเด็ก",
      "slots_available": 25,
      "fee": null,
      "allow_register": false,
      "image": "activity_images/จกรรม_ตามรอยนทาน_กนขาวปา.jpg",
      "schedule": "schedules/กนขาวปา.png",
      "map_lat": 15.398098,
      "map_lng": 105.023676,
      "create_group": true,
      "organizer": [
        "tast2@gmail.com"
      ],
      "created_at": "2026-03-07T19:58:46.641Z",
      "updated_at": "2026-03-07T21:18:06.734Z",
      "is_hidden": false,
      "is_deleted": false,
      "status": "APPROVED",
      "likes": [
        [
          "tast6@gmail.com"
        ]
      ],
      "saves": []
    }
  },
  {
    "model": "post.post",
    "pk": 18,
    "fields": {
      "title": "ข้อมูลเกี่ยวกับสถานการณ์การแพร่ระบาดของเชื้อไวรัสเอชไอวี (HIV) ในประเทศไทย ประจำปี 2568",
      "description": "กระทรวงสาธารณสุข (สธ.) เปิดเผยข้อมูลเกี่ยวกับสถานการณ์การแพร่ระบาดของเชื้อไวรัสเอชไอวี (HIV) ในประเทศไทย ประจำปี 2568 โดยมีการคาดการณ์ว่าจะมี ผู้ติดเชื้อรายใหม่ จำนวน 8,862 คน\r\n.\r\nนอกจากนี้ สธ. ยังระบุถึงจำนวนผู้เสียชีวิตที่เกี่ยวข้องกับโรคเอดส์ (AIDS) ซึ่งเป็นภาวะแทรกซ้อนรุนแรงจากการติดเชื้อ HIV โดยคาดการณ์ว่าในปี 2568 จะมีผู้เสียชีวิตจากโรคเอดส์สูงถึง 10,217 คน\r\n.\r\nสำหรับ จำนวนผู้ติดเชื้อ HIV สะสมที่ยังมีชีวิตอยู่ในประเทศไทย ณ ปี 2568 คาดการณ์ว่ามีจำนวน 568,565 คน ซึ่งเป็นตัวเลขที่แสดงให้เห็นถึงภาระทางสาธารณสุขที่ยังคงมีอยู่ และความจำเป็นในการดำเนินมาตรการป้องกันและรักษาอย่างต่อเนื่อง\r\n.\r\nกระทรวงสาธารณสุข จึงเน้นย้ำถึงความสำคัญของการเข้าถึงบริการตรวจหาเชื้อ HIV การรักษาด้วยยาต้านไวรัสอย่างสม่ำเสมอ และการป้องกันการแพร่เชื้ออย่างมีประสิทธิภาพ เพื่อลดจำนวนผู้ติดเชื้อรายใหม่ ผู้เสียชีวิต และยกระดับคุณภาพชีวิตของผู้ติดเชื้อ HIV ที่ยังมีชีวิตอยู่ต่อไป\r\n.\r\n#สำนักข่าววันนิวส์",
      "location": "กระทรวงสาธารณสุข (สธ.)",
      "event_date": "2026-01-01T01:00:00Z",
      "category": "จิตอาสาด้านสุขภาพ",
      "slots_available": 0,
      "fee": null,
      "allow_register": false,
      "image": "activity_images/HIV.jpg",
      "schedule": "",
      "map_lat": 13.849464,
      "map_lng": 100.525174,
      "create_group": false,
      "organizer": [
        "tast16@gmail.com"
      ],
      "created_at": "2026-03-07T20:01:43.420Z",
      "updated_at": "2026-03-07T21:18:04.467Z",
      "is_hidden": false,
      "is_deleted": false,
      "status": "APPROVED",
      "likes": [
        [
          "tast6@gmail.com"
        ]
      ],
      "saves": []
    }
  },
  {
    "model": "post.post",
    "pk": 19,
    "fields": {
      "title": "ร่วมบริจาคสิ่งของสถานการณ์ชายแดนไทย-กัมพูชา",
      "description": "26 กรกฏาคม 2568 (EP.2)\r\n#ซุปเปอร์ถูกจีมาร์ท\r\n#เบอร์เกอรี่บรรจุภัณฑ์กาฬสินธุ์\r\nร่วมบริจาคสิ่งของ ณ จุดรับบริจาค มมร.กาฬสินธุ์ (วัดประชานิยม)\r\nวันอาทิตย์ที่ 27 กรกฎาคมนี้ทีมงานจะนำไปมอบให้กับผู้อพยพและผู้ได้รับผลกระทบจากสถานการณ์ชายแดนไทย-กัมพูชา\r\nองค์กรด้านเด็กและเยาวชนภาคอีสาน\r\nเครือข่ายเพื่อนเยาวชนภาคอีสาน ร่วมกับ เครือข่ายสร้างเสริมสุขภาพเยาวชน (ขสย.)\r\nเปิดพื้นที่รับบริจาคสิ่งของที่จำเป็นสำหรับผู้อพยพหรือได้รับผลกระทบจากสถานการณ์ชายแดนไทย-กัมพูชา\r\n  จ.สกลนคร ณ ศูนย์การเรียนรู้ชุมชนคนหนุ่มสาว  \r\n                   อ.อากาศอำนวย โทร 062-4470873 ปาน\r\n  จ.กาฬสินธุ์ ณ มมร.กาฬสินธุ์ หรือวัดประชานิยม\r\n                   อ.เมืองกาฬสินธุ์  โทร 083-3615269 อ.เฟม\r\n  จ.อำนาจเจริญ ณ กลุ่มเยาวชนนาผือโคกกอก\r\n                   อ.เมืองอำนาจเจริญ  โทร 088-5830927 ทิพย์\r\n  จ.อุบลราชธานี ณ ที่ทำการผู้ใหญ่บ้าน บ้านผับแล้ง\r\n                   อ.สำโรง  โทร 089-7218465 ผู้ใหญ่คิด\r\n จ.มุกดาหาร ณ กลุ่มเยาวชนบ้านบุ่ง  ต.ภูวง \r\n                   อ.หนองสูง  โทร 094-8399607 เตี้ย\r\nและจุดรับบริจาค และเปิดเป็นศูนย์พักพิง (ชั่วคราว)\r\nณ มูลนิธิพัฒนาอีสาน (ศูนย์เนท)  อ.เมือง จ.สุรินทร์ (100คน) เหมาะกับครอบครัวที่มีเด็กและผู้สูงอายุ\r\nสอบถามเพิ่มเติม ในการเชื่อมภาคีเครือข่ายองค์กรด้านเด็ก / หน่วยจัดการพัฒนาเด็กและเยาวชน ในพื้นที่\r\nโทร 096-3459391 ตั้ม (ขสย.)\r\n#nowar. #ขอความสงบสุขกลับมาโดยเร็ว  #สันติภาพ #ปกป้องเด็กและเยาวชน  #เพื่อนเยาวชนอีสาน\r\nhttps://www.facebook.com/share/p/16fLiKw7Mv/?mibextid=wwXIfr\r\n#ต๊วดงัดอาสา\r\n\r\n\r\n\r\n\r\n\r\n\r\n\r\n\r\nร่วมรู้ใจตัวเองที่ https://www.สุขภาพจิต.com\r\n.\r\n.\r\nพื้นที่เล็กๆ สำหรับ “ใจ” ไม่ว่าคุณจะกำลังรู้สึกดี รู้สึกเฉยๆ หรือรู้สึกว่ามีอะไรบางอย่างที่มันหนักเกินไปหน่อย...\r\nที่นี่มีเรื่องราวดีๆ เครื่องมือสำรวจใจ บทความที่เขียนด้วยหัวใจ\r\nและมุมพักใจไว้ให้คุณเข้ามาได้เสมอ ไม่ต้องเก่งแค่อยากให้รู้ว่า...ที่ตรงนี้ปลอดภัยสำหรับคุณเสมอ\r\n“เพราะทุกความรู้สึก มีความหมาย”\r\n#สุขภาพจิต #สุขภาพใจ #การรับฟัง",
      "location": "มมร.กาฬสินธุ์",
      "event_date": "2025-07-27T01:00:00Z",
      "category": "จิตอาสาด้านภัยพิบัติและบรรเทาทุกข์",
      "slots_available": 0,
      "fee": null,
      "allow_register": false,
      "image": "activity_images/รบบรจากค_ไทย-กมพชา.jpg",
      "schedule": "",
      "map_lat": 16.434026,
      "map_lng": 103.510662,
      "create_group": true,
      "organizer": [
        "tast21@gmail.com"
      ],
      "created_at": "2026-03-07T20:06:22.738Z",
      "updated_at": "2026-03-07T21:18:01.496Z",
      "is_hidden": false,
      "is_deleted": false,
      "status": "APPROVED",
      "likes": [
        [
          "tast6@gmail.com"
        ]
      ],
      "saves": []
    }
  },
  {
    "model": "post.post",
    "pk": 20,
    "fields": {
      "title": "เปิดรับการบริจาคของเล่นและจัดซื้อของเล่นเพื่อทำสนามเด็กเล่น แบบเคลื่อนที่ได้",
      "description": "เครือข่ายเยาวชนฮักบ้านเกิด ร่วมกับ ขสย. - เครือข่ายสร้างเสริมสุขภาพเยาวชน  เปิดรับการบริจาคของเล่นและจัดซื้อของเล่นเพื่อทำสนามเด็กเล่น แบบเคลื่อนที่ได้\r\nสนามเด็กเล่น\r\n28 กรกฎาคม 2025\r\n \r\n·\r\n\r\n- เครื่องช่วยดูแลเด็กในทุกสถานการณ์\r\n- ผ่อนแรงคนทำงานและอาสาสมัคร\r\n- ลดเวลาอยู่กับหน้าจอ มีเวลาเล่นเยอะขึ้น\r\n- ลดความเคลียดในเด็กและผู้ปกครอง\r\n- เสริมพัฒนาการทางกล้ามเนื้อมัดเล็ก\r\n- เสริมพัฒนาการทางใจ\r\n\r\nประจำจุด ณ ศูนย์พักพิงผู้ประสบภัยสถานการณ์ชายแดน ตามแนวชายแดน จ.สุรินทร์ ศรีสะเกษ  บุรีรัมย์ และอุบลราชธานี\r\n\r\nสนับสนุนเราได้ที่ : หน่วยกระจายของเล่นไปทั้ง 4 จังหวัด\r\nศูนย์การเรียนรู้ชุมชนคนหนุ่มสาว\r\n29 หมู่ 12 ตำบลโพนแพง อำเภออากาศอำนวย จังหวัดสกลนคร  47170\r\nหรือบริจาคได้ที่ \r\nเลขบัญชี  016-4264805\r\nธนาคารไทยพาณิชย์  นายธนภัทร แสงหิรัญ\r\n***มีบัญชีเดียวเท่านั้น\r\n#สนับสนุนเครื่องเล่นในศูนย์อพยพ\r\n#เครือข่ายเยาวชนฮักบ้านเกิด  #เพื่อนเยาวชนอีสาน  #ต๊วดงัดอาสา  #ปกป้องเด็กและเยาวชน  #กลุ่มเยาวชน #น้ำใจส่งด่วน",
      "location": "ศูนย์การเรียนรู้ชุมชนคนหนุ่มสาว ตำบลโพนแพง อำเภออากาศอำนวย จังหวัดสกลนคร",
      "event_date": "2025-07-28T01:00:00Z",
      "category": "จิตอาสาด้านภัยพิบัติและบรรเทาทุกข์",
      "slots_available": 0,
      "fee": null,
      "allow_register": false,
      "image": "activity_images/รบบรจากของเลนสนามเดกเลน_อาสาสมคร.jpg",
      "schedule": "",
      "map_lat": 17.642148,
      "map_lng": 103.961578,
      "create_group": true,
      "organizer": [
        "tast21@gmail.com"
      ],
      "created_at": "2026-03-07T20:12:24.907Z",
      "updated_at": "2026-03-07T21:17:59.321Z",
      "is_hidden": false,
      "is_deleted": false,
      "status": "APPROVED",
      "likes": [
        [
          "tast6@gmail.com"
        ]
      ],
      "saves": []
    }
  },
  {
    "model": "post.post",
    "pk": 21,
    "fields": {
      "title": "ระดมสิ่งของและของเล่นที่ได้รับการสนับสนุนจากผู้ใหญ่ใจดีเอาไปให้น้องๆในพื้นที่ จังหวัดอุบลราชธานี  ศรีสะเกษ สุรินทร์ และบุรีรัมย์",
      "description": "ระดมสิ่งของและของเล่นที่ได้รับการสนับสนุนจากผู้ใหญ่ใจดีเอาไปให้น้องๆในพื้นที่ จังหวัดอุบลราชธานี  ศรีสะเกษ สุรินทร์ และบุรีรัมย์\r\nสถานการณ์ขายแดนไทย-กัมพูชา\r\nช่วง 27 กรกฎาคม ถึง 2 สิงหาคม 68\r\n\r\nน้ำใจส่งด่วน ออกเดินทางรอบที่ 2\r\n   31 กรกฎาคม 68\r\n    รอบนี้เป็นขนม เครื่องเล่น เป็นพิเศษ ซึ่งนำไปติดตั้งในพื้นที่จังหวัดอุบลราชธานี  ศรีสะเกษ  สุรินทร์  และบุรีรัมย์ ตามศูนย์พักพิง ที่ยังมีผู้ประสบภัย/พักพิงอาศัยอยู่ จำนวน 9 จุด  ( รอบที่ 3 เข้าปฏิบัติการในพื้นที่หมู่บ้านที่ได้รับผลกระทบต่อไป)\r\n  \r\n   ขอบพระคุณพี่ๆ ทุกๆท่านที่สนับสนุนซื้ออุปกรณ์ ของเล่น เพื่อติดตั้งเป็นสนามเด็กเล่นถาวร ในการสนับสนุนภารกิจของคนทำงานด้านการพัฒนาศักยภาพเด็กและเยาวชน ในพื้นที่ชายแดนไทย-กัมพูชา\r\n ส่งผ่านหน่วยเล่นพิเศษ  โครงการฮักบ้านเกิด - ความสุขอยู่ที่บ้านเรา ศูนย์การเรียนรู้ชุมชนคนหนุ่มสาว  ร่วมกับ ขสย. - เครือข่ายสร้างเสริมสุขภาพเยาวชน  #ขับเคลื่อนยุทธศาสตร์การพัฒนาเด็กเยาวชน  #NoWarThaiCambodia  #nowar #เพื่อนเยาวชนอีสาน",
      "location": "ศูนย์การเรียนรู้ชุมชนคนหนุ่มสาว ตำบลโพนแพง อำเภออากาศอำนวย จังหวัดสกลนคร",
      "event_date": "2025-07-31T01:00:00Z",
      "category": "จิตอาสาด้านภัยพิบัติและบรรเทาทุกข์",
      "slots_available": 0,
      "fee": null,
      "allow_register": false,
      "image": "activity_images/เปดศนยพกพงจากสงคราม.jpg",
      "schedule": "",
      "map_lat": 17.642148,
      "map_lng": 103.961578,
      "create_group": true,
      "organizer": [
        "tast2@gmail.com"
      ],
      "created_at": "2026-03-07T20:16:04.246Z",
      "updated_at": "2026-03-07T21:17:51.496Z",
      "is_hidden": false,
      "is_deleted": false,
      "status": "APPROVED",
      "likes": [
        [
          "tast6@gmail.com"
        ]
      ],
      "saves": []
    }
  },
  {
    "model": "post.post",
    "pk": 22,
    "fields": {
      "title": "กิจกรรม \"เดิ่นโฮมใจ BYธงธานี\"",
      "description": "เชิญชวนจ้า ใครมีใจก็ตามมา\r\nอยากลองอะไรใหม่ ๆ ได้ประสบการณ์เท่ ๆ มั้ย?\r\nมาเป็น อาสาสมัครสุดคูล กับเรา เตรียมพื้นที่สร้างสรรค์  กิจกรรม \"เดิ่นโฮมใจ BYธงธานี\" ณ.ตลาดโอกาสดี หมู่10 ต.ธงธานี อ.ธวัชบุรี\r\n\r\n สิ่งที่จะได้กลับไป:\r\n ประสบการณ์ใหม่ไม่ซ้ำใคร\r\n เพื่อนใหม่ ทีมเวิร์กสุดมันส์\r\n โชว์ไอเดียแบบไม่มีกรอบ\r\n สกิลใหม่ ๆ ที่ใช้ได้จริงในชีวิต\r\n\r\n ไม่จำกัดเพศ ไม่จำกัดวัย ขอแค่มีใจพร้อมลุย!\r\n\r\n สมัครได้ตั้งแต่วันนี้ – 10 ก.พ.. 2569\r\n ต.ธงธานี อ.ธวัชบุรี จ.ร้อยเอ็ด\r\n\r\nติดต่อเลย \r\n 084-9721165 (เดี่ยว)\r\n 063-4185175 (พี่เจี๊ยบๆ)",
      "location": "ณ.ตลาดโอกาสดี หมู่10 ต.ธงธานี อ.ธวัชบุรี จ.ร้อยเอ็ด",
      "event_date": "2026-02-09T17:00:00Z",
      "category": "จิตอาสาด้านสาธารณประโยชน์",
      "slots_available": 15,
      "fee": null,
      "allow_register": false,
      "image": "",
      "schedule": "",
      "map_lat": 16.115831,
      "map_lng": 103.839147,
      "create_group": false,
      "organizer": [
        "tast4@gmail.com"
      ],
      "created_at": "2026-03-07T20:25:30.285Z",
      "updated_at": "2026-03-07T21:23:43.212Z",
      "is_hidden": false,
      "is_deleted": false,
      "status": "APPROVED",
      "likes": [
        [
          "tast6@gmail.com"
        ]
      ],
      "saves": []
    }
  },
  {
    "model": "post.post",
    "pk": 23,
    "fields": {
      "title": "เปิดไฟให้ดาว",
      "description": "คำถามจากเด็ก 3 ขวบว่าใครเปิดไฟให้ดาว\r\n…. กับเรื่องราวความเป็นไปของสังคมที่มีทุกๆเรื่องราวบนโลกใบนี้\r\nผู้ใหญ่หลายๆ จึงควรเป็นผู้ที่พาเด็กๆค้นหาคำตอบ ด้วยเหตุผลความเป็นไปและเป็นจริง  เพื่อให้เขาเห็นว่า ดวงดาวบนท้องฟ้า ก็เปรียบเสมือนพวกเขา ที่มีความสว่างไสวในตัวเอง\r\nช่วงกลางวัน เป็นงานวิชาการ ที่พี่ๆผู้ใหญ่ มาพบเจอกัน\r\nช่วงค่ำคืน เป็นการแบ่งปันเรื่องราวบทสนนาและบทเพลง\r\n - 28  พฤศจิกายน 68  ใครเปิดไฟให้ดาว\r\n - 29  พฤศจิกายน 68  เด็กดั่งดวงดาว\r\nผิงไฟ  ฟังเพลง  และห่มดาวไปด้วยกัน\r\nณ ศูนย์การเรียนรู้ชุมชนคนหนุ่มสาว \r\nสนับสนุนโดย ขสย. - เครือข่ายสร้างเสริมสุขภาพเยาวชน",
      "location": "ศูนย์การเรียนรู้ชุมชนคนหนุ่มสาว",
      "event_date": "2025-11-28T11:00:00Z",
      "category": "จิตอาสาด้านเยาวชนและเด็ก",
      "slots_available": 0,
      "fee": null,
      "allow_register": false,
      "image": "activity_images/ใครเปดไฟใหดาว.jpg",
      "schedule": "schedules/เปดไฟใหดาว.png",
      "map_lat": 17.595983,
      "map_lng": 103.983972,
      "create_group": true,
      "organizer": [
        "tast2@gmail.com"
      ],
      "created_at": "2026-03-07T20:32:30.997Z",
      "updated_at": "2026-03-07T21:17:42.641Z",
      "is_hidden": false,
      "is_deleted": false,
      "status": "APPROVED",
      "likes": [
        [
          "tast6@gmail.com"
        ]
      ],
      "saves": []
    }
  },
  {
    "model": "post.post",
    "pk": 24,
    "fields": {
      "title": "เด็กดั่งดวงดาว",
      "description": "คำถามจากเด็ก 3 ขวบว่าใครเปิดไฟให้ดาว\r\n…. กับเรื่องราวความเป็นไปของสังคมที่มีทุกๆเรื่องราวบนโลกใบนี้\r\nผู้ใหญ่หลายๆ จึงควรเป็นผู้ที่พาเด็กๆค้นหาคำตอบ ด้วยเหตุผลความเป็นไปและเป็นจริง  เพื่อให้เขาเห็นว่า ดวงดาวบนท้องฟ้า ก็เปรียบเสมือนพวกเขา ที่มีความสว่างไสวในตัวเอง\r\nช่วงกลางวัน เป็นงานวิชาการ ที่พี่ๆผู้ใหญ่ มาพบเจอกัน\r\nช่วงค่ำคืน เป็นการแบ่งปันเรื่องราวบทสนนาและบทเพลง\r\n - 28  พฤศจิกายน 68  ใครเปิดไฟให้ดาว\r\n - 29  พฤศจิกายน 68  เด็กดั่งดวงดาว\r\nผิงไฟ  ฟังเพลง  และห่มดาวไปด้วยกัน\r\nณ ศูนย์การเรียนรู้ชุมชนคนหนุ่มสาว \r\nสนับสนุนโดย ขสย. - เครือข่ายสร้างเสริมสุขภาพเยาวชน",
      "location": "ศูนย์การเรียนรู้ชุมชนคนหนุ่มสาว",
      "event_date": "2025-11-29T02:00:00Z",
      "category": "จิตอาสาด้านเยาวชนและเด็ก",
      "slots_available": 0,
      "fee": null,
      "allow_register": false,
      "image": "activity_images/เดกดงดวงดาว.jpg",
      "schedule": "schedules/เดกดงดวงดาว_YbW4tH4.png",
      "map_lat": 17.595983,
      "map_lng": 103.983972,
      "create_group": true,
      "organizer": [
        "tast2@gmail.com"
      ],
      "created_at": "2026-03-07T20:35:21.375Z",
      "updated_at": "2026-03-07T21:17:40.386Z",
      "is_hidden": false,
      "is_deleted": false,
      "status": "APPROVED",
      "likes": [
        [
          "tast6@gmail.com"
        ]
      ],
      "saves": []
    }
  },
  {
    "model": "post.post",
    "pk": 25,
    "fields": {
      "title": "น้ำท่วมภาคใต้",
      "description": "น้ำท่วมภาคใต้ :\r\nมีเด็กที่ต้องอพยพไปอยู่ศูนย์พักพิงจำนวนมาก \r\n•\r\n เครือข่ายสร้างเสริมสุขภาพเยาวชน (ขสย.) ร่วมกับภาคีเครือข่ายฯ ในพื้นที่ภาคใต้ตอนล่าง ชวนทุกท่านร่วมเป็นส่วนหนึ่งในการช่วยเหลืออุทกภัยน้ำภาคใต้\r\n โดยเปิดรับบริจาคเงินเพื่อจัดซื้อ #ขนม_นมเนย_ของเล่น_ของใช้จำเป็น_สำหรับเด็กที่พักอยู่ศูนย์พักพิงน้ำท่วม ตามพื้นที่ต่างๆ ซึ่งมีอยู่จำนวนมาก โดยเฉพาะในเขตเทศบาลใหญ่ๆ ที่ประสบภัยน้ำท่วมหนักในห้วงเวลานี้ เช่น เทศบาลนครหาดใหญ่, เทศบาลนครยะลา, เทศบาลเมืองสะเตงนอก, เทศบาลเมืองปัตตานี, เทศบาลเมืองนราธิวาส ฯลฯ \r\n•\r\n ขนมนมเนย เป็นสิ่งที่เด็กๆ ชอบ\r\n ของเล่น (เช่น ซุ้มบ้านบอล ฯลฯ) เป็นสิ่งที่เด็กๆ สนุกได้\r\n ของใช้จำเป็นต่างๆ เป็นสิ่งที่เด็กๆ ขาดไม่ได้\r\n และน้ำใจเล็กๆ น้อยๆ ของท่าน ช่วยสร้างรอยยิ้มให้แก่พวกเราได้ !\r\n ทุกบาทที่ท่านบริจาค สามารถช่วยพวกเขาในยามวิกฤตินี้ได้ :\r\n-- ยียวยาสภาพจิตใจยามวิกฤติ\r\n-- ลดความเครียดของเด็ก-ผู้ปกครอง\r\n-- สร้างพื้นที่เล่น-ลดการใช้จอมือถือ\r\n-- สนับสนุนสิ่งจำเป็นสำหรับเด็ก\r\n•\r\n ร่วมสนับสนุนกับพวกเราได้ที่ :\r\nบัญชี ธนาคารกรุงไทย เลขบัญชี 816-0-52340-8\r\nชื่อบัญชี นางสาวนูรี ยูโซะ (ฝ่ายการเงิน) \r\n สอบถามเพิ่มเติม :\r\nปาต๊ะ -- ผู้ประสาน ขสย. ภาคใต้ตอนล่าง\r\nโทร. 083-8793042\r\n•\r\n#ร่วมสร้างรอยยิ้มให้เด็กๆผ่านพ้นวิกฤตินี้ไปด้วยกัน\r\nขสย. - เครือข่ายสร้างเสริมสุขภาพเยาวชน\r\n#PPS  #ต้นกล้าพันธุ์ใหม่  #ฟ้าใส  #ไทยสุข\r\n#น้ำท่วมภาคใต้2568 #เด็กในศูนย์พักพิง",
      "location": "ภาคใต้",
      "event_date": "2025-11-18T17:00:00Z",
      "category": "จิตอาสาด้านภัยพิบัติและบรรเทาทุกข์",
      "slots_available": 0,
      "fee": null,
      "allow_register": false,
      "image": "activity_images/นำทวมใต.jpg",
      "schedule": "",
      "map_lat": 7.87098,
      "map_lng": 98.391817,
      "create_group": true,
      "organizer": [
        "tast2@gmail.com"
      ],
      "created_at": "2026-03-07T20:57:14.698Z",
      "updated_at": "2026-03-07T21:17:39.751Z",
      "is_hidden": false,
      "is_deleted": false,
      "status": "APPROVED",
      "likes": [
        [
          "tast6@gmail.com"
        ]
      ],
      "saves": []
    }
  },
  {
    "model": "post.post",
    "pk": 26,
    "fields": {
      "title": "คริสต์มาสรักษ์โลก",
      "description": "#merrychristmas2025#merrychristmas\"คริสต์มาสปีนี้... ของขวัญที่คุณให้ ทำร้ายโลกอยู่หรือเปล่า? \r\nรู้ไหมครับว่าในช่วงเทศกาลแห่งความสุขแบบนี้ ปริมาณขยะทั่วโลกพุ่งสูงขึ้นกว่าปกติหลายเท่าตัว! ทั้งกระดาษห่อของขวัญ พลาสติกกันกระแทก และของที่ไม่จำเป็น\r\nเรามาเปลี่ยน 'ความสุขของเรา' ให้เป็น 'ความสุขของโลก' ด้วยกันนะครับ\r\n ลดก่อนใช้: เลิกห่อของขวัญด้วยพลาสติก หรือใช้กระดาษรีไซเคิลเก๋ๆ\r\n เลือกก่อนให้: ให้ของที่ใช้ซ้ำได้ หรือของที่มีประโยชน์ยาวๆ\r\n รักษ์ไปด้วยกัน: เริ่มต้นการเปลี่ยนแปลงเล็กๆ จากตัวเรา\r\nคริสต์มาสมีปีละครั้ง แต่การรักโลกเราทำได้ทุกวันนะครับ  #GreenChristmas #คริสต์มาสรักษ์โลก #ของขวัญให้โลก #SustainableLiving\"\r\nนายเรืองศักดิ์ หล้าจันทะ (โชกุน)\r\nมาร่วมรักโลกด้วยกันนะครับ\r\n#คริสต์มาส  #merryChristmas #merryChristmas2025",
      "location": "เชียงใหม่",
      "event_date": "2025-12-25T02:00:00Z",
      "category": "จิตอาสาด้านสิ่งแวดล้อม",
      "slots_available": 0,
      "fee": null,
      "allow_register": false,
      "image": "activity_images/ครสมาสรกโลก.jpg",
      "schedule": "",
      "map_lat": 18.789398,
      "map_lng": 98.980175,
      "create_group": false,
      "organizer": [
        "tast2@gmail.com"
      ],
      "created_at": "2026-03-07T20:59:54.869Z",
      "updated_at": "2026-03-07T21:17:38.861Z",
      "is_hidden": false,
      "is_deleted": false,
      "status": "APPROVED",
      "likes": [
        [
          "tast6@gmail.com"
        ]
      ],
      "saves": []
    }
  },
  {
    "model": "post.post",
    "pk": 27,
    "fields": {
      "title": "\"โลกไม่ได้แค่ 'ร้อน' แต่กำลัง 'เดือด'!",
      "description": "\"โลกไม่ได้แค่ 'ร้อน' แต่กำลัง 'เดือด'! \r\n‎.\r\n‎คำว่า Global Warming หรือภาวะโลกเดือดไม่ใช่เรื่องไกลตัวอีกต่อไป แต่ข่าวดีคือ... เราทุกคนช่วยกัน 'ต่อลมหายใจ' ให้โลกได้ด้วยการเปลี่ยนพฤติกรรมเพียงเล็กน้อยครับ\r\n‎.\r\n‎How to รักษ์โลกแบบง่ายๆ ที่ใครก็ทำได้:\r\n‎ ง่ายที่สุด: แค่ปิดไฟเมื่อไม่ใช้งาน\r\n‎ ลดการปล่อย CO²\r\n‎ : เปลี่ยนมาใช้รถไฟฟ้า หรือเดินออกกำลังกายแทนการขับรถในระยะใกล้\r\n‎ เพิ่มพื้นที่สีเขียว: ช่วยกันปลูกต้นไม้คนละต้น เพื่อช่วยดูดซับก๊าซเสีย\r\n‎ จัดการขยะ: คัดแยกขยะก่อนทิ้ง และเน้นการใช้ของใช้ซ้ำ เช่น ถุงผ้า หรือกล่องข้าว\r\n‎\r\n‎เริ่มต้นวันนี้ เพื่อโลกที่น่าอยู่ขึ้นในวันหน้ากันนะครับ!  #GlobalWarming #ภาวะโลกเดือด #รักษ์โลก #เยาวชนFreedomTeam #ฮักบ้านเกิด\"\"โลกไม่ได้แค่ 'ร้อน' แต่กำลัง 'เดือด'! \r\n‎.\r\n‎คำว่า Global Warming หรือภาวะโลกเดือดไม่ใช่เรื่องไกลตัวอีกต่อไป แต่ข่าวดีคือ... เราทุกคนช่วยกัน 'ต่อลมหายใจ' ให้โลกได้ด้วยการเปลี่ยนพฤติกรรมเพียงเล็กน้อยครับ\r\n‎.\r\n‎How to รักษ์โลกแบบง่ายๆ ที่ใครก็ทำได้:\r\n‎ ง่ายที่สุด: แค่ปิดไฟเมื่อไม่ใช้งาน\r\n‎ ลดการปล่อย CO²\r\n‎ : เปลี่ยนมาใช้รถไฟฟ้า หรือเดินออกกำลังกายแทนการขับรถในระยะใกล้\r\n‎ เพิ่มพื้นที่สีเขียว: ช่วยกันปลูกต้นไม้คนละต้น เพื่อช่วยดูดซับก๊าซเสีย\r\n‎ จัดการขยะ: คัดแยกขยะก่อนทิ้ง และเน้นการใช้ของใช้ซ้ำ เช่น ถุงผ้า หรือกล่องข้าว\r\n~ CHOKUN ~\r\n‎\r\n‎เริ่มต้นวันนี้ เพื่อโลกที่น่าอยู่ขึ้นในวันหน้ากันนะครับ!  #GlobalWarming #ภาวะโลกเดือด #รักษ์โลก #เยาวชนFreedomTeam #ฮักบ้านเกิด\"",
      "location": "สกลนคร",
      "event_date": "2026-03-31T05:00:00Z",
      "category": "จิตอาสาด้านสิ่งแวดล้อม",
      "slots_available": 0,
      "fee": null,
      "allow_register": false,
      "image": "activity_images/โลกเดอด.jpg",
      "schedule": "",
      "map_lat": 17.164471,
      "map_lng": 104.146968,
      "create_group": false,
      "organizer": [
        "tast2@gmail.com"
      ],
      "created_at": "2026-03-07T21:01:55.220Z",
      "updated_at": "2026-03-07T21:17:37.611Z",
      "is_hidden": false,
      "is_deleted": false,
      "status": "APPROVED",
      "likes": [
        [
          "tast6@gmail.com"
        ]
      ],
      "saves": []
    }
  },
  {
    "model": "post.post",
    "pk": 28,
    "fields": {
      "title": "สงกรานต์สุขใจ ปลอดภัย ไร้แอลกอฮอล์",
      "description": "สงกรานต์สุขใจ ปลอดภัย ไร้แอลกอฮอล์\r\nวันที่ 20 เมษายน 2567 \r\n  วันนี้ คณะทำงานและอาสาสมัคร ศูนย์การเรียนรู้ชุมชนคนหนุ่มสาว ￼ ร่วมกับ เครือข่ายสร้างเสริมสุขภาพเยาวชน  แกนนำนักศึกษาสร้างเสริมสุขภาพ, กลุ่มเยาวชนอาสาสมัครVirus Volunteer, เครือข่ายเยาวชนพัฒนาเมืองสกลนคร และเยาวชนในพื้นที่อำเภออากาศอำนวย จัดกิจกรรมสงกรานต์67 สุขใจ. ปลอดภัยไร้แอลกอฮอล์  เพื่อสื่อสารและรณรงค์การลด ละ เลิก เครื่องดื่มแอลกอฮอล์และการรณรงค์ไม่สูบบุหรี่และบุหรี่ไฟฟ้าในพื้นที่สาธารณะและการดำเนินกิจกรรมปิดเทอมวันหยุดสร้างสรรค์อัศจรรย์วันว่าง ภายใต้โครงการฮักบ้านเกิด ความสุขอยู่ที่บ้านเรา ฯ พร้อมกับการเชื่อมความสัมพันธ์ระหว่างเด็กและเยาวชนร่วมกับผู้สูงอายุในชุมชนให้มีความสัมพันธ์อันดีระหว่างกัน เพื่อให้เกิดสุขภาวะทั้งทางร่างกาย จิตใจ ปัญญา และสังคม เกิดสังคมสุขภาวะอย่างเป็นรูปธรรม\r\n โดยมีนายธนภัทร  แสงหิรัญ ผู้อำนวยการศูนย์การเรียนรู้ชุมชนหนุ่มสาว กล่าวทักทายพูดคุยและสื่อสารการรณรงค์ร่วมกับผู้นำชุมชน ปราชญ์ชาวบ้าน และผู้สูงอายุในพื้นที่บ้านกลาง ตำบลโพนแพง อำเภออากาศอำนวย  จังหวัดจังหวัดสกลนคร ซึ่งมีผู้เข้าร่วมมากกว่า 60 คน\r\n ทางนี้ในกิจกรรมมีการรดน้ำดับหัวผู้สูงอายุ ขอพรผู้หลักผู้ใหญ่ที่เข้าร่วมกิจกรรม เนื่องในเทศกาลสงกรานต์ ปี 2567\r\nเพื่อเป็นขวัญและกำลังใจในการดำเนินงานด้านการพัฒนาศักยภาพเด็กและเยาวชนของเจ้าหน้าที่ อาสาสมัคร และนักศึกษาฝึกงาน ในพื้นที่ศูนย์การเรียนรู้ชุมชนคนหนุ่มสาว\r\n#สงกรานต์ #ประเพณี #รดนำดำหัว #ผู้สูงอายุ  #เด็กและเยาวชน  #เขตสุขภาพเพื่อประชาชนเขต8 #อนุกรรมการเด็กและเยาวชน  #ภาคีสัมพันธ์ #ฮักบ้านเกิด #ความสุขอยู่ที่บ้านเรา  #ปิดเทอมสร้างสรรค์ #อัศจรรย์วันว่าง\r\n￼ สนับสนุนและขับเคลื่อนโดย￼\r\n- สสส. (สำนักงานกองทุนสนับสนุนการสร้างเสริมสุขภาพ) : ThaiHealth\r\n- ขสย. - เครือข่ายสร้างเสริมสุขภาพเยาวชน\r\n- สร้างสรรค์โอกาส\r\n- ปิดเทอมสร้างสรรค์\r\n- กลุ่มอาสาสมัคร Virus Volunteer",
      "location": "ศูนย์การเรียนรู้ชุมชนคนหนุ่มสาว ตำบลโพนแพง อำเภออากาศอำนวย จังหวัดสกลนคร",
      "event_date": "2024-04-20T05:00:00Z",
      "category": "จิตอาสาด้านศาสนาและวัฒนธรรม",
      "slots_available": 0,
      "fee": null,
      "allow_register": false,
      "image": "activity_images/สงกรานต1_68.jpg",
      "schedule": "",
      "map_lat": 17.576803,
      "map_lng": 103.972948,
      "create_group": false,
      "organizer": [
        "tast2@gmail.com"
      ],
      "created_at": "2026-03-07T21:05:06.946Z",
      "updated_at": "2026-03-07T21:21:21.187Z",
      "is_hidden": false,
      "is_deleted": false,
      "status": "APPROVED",
      "likes": [
        [
          "tast6@gmail.com"
        ]
      ],
      "saves": []
    }
  },
  {
    "model": "post.post",
    "pk": 29,
    "fields": {
      "title": "น้ำท่วมภาคเหนือ",
      "description": "เครือข่ายเยาวชน ฮักบ้านเกิด ร่วมกับ เครือข่ายเด็กและเยาวชนภาคอีสาน  ขสย. - เครือข่ายสร้างเสริมสุขภาพเยาวชน ภาคอีสาน และบ้านพักเด็กฯจังหวัดสกลนคร\r\n  เปิดรับบริจาคสิ่งของ บรรเทาทุกข์ช่วยเหลือผู้ประสบภัยน้ำท่วมภาคเหนือ (โดยเฉพาะพื้นที่พื้นที่จังหวัดจังหวัดเชียงราย)\r\n12 กันยายน 2024\r\nเพื่อส่งมอบให้เครือข่ายด้านเด็กเยาวชนพื้นที่ภาคเหนือนำไปมอบให้ ผู้ประสบภัยในพื้นที่\r\nสิ่งของที่ต้องการ\r\n1. อาหาร กึ่งสำเร็จรูป (มาม่า/ปลากระป๋อง ฯลฯ\r\n2. ไข่ไก่  ผักสด ผลไม้ เครื่องปรุงรส\r\n3. นมผงเด็ก, ผ้าอนามัย, แพมเพิส และยารักษาโลก\r\nจุดรับสิ่งของ\r\n1. ถนนคนเดินโย้ยฮิมยาม  อ.อากาศอำนวย\r\n    เบอร์ 062-4470873  ปาน/ ครีม\r\n2. สภาเด็กและเยาวชนอำเภออำเภอสว่างแดนดิน\r\n   - โรงเรียนแวงพิทยา อ.สว่างฯ เบอร์ 061-1068735  ด๋อย\r\n   - โรงเรียนหนองหลวงฯ  เบอร์ 061-1353358 เท่ห์\r\n3.บ้านพักเด็กฯ สกลนคร เบอร์ 063-9025645 แบงค์\r\n4.กลุุ่มChange อ.นากลาง  จ.หนองบัวลำภู\r\n    เบอร์ 098-1026575 นิคกี้\r\n*** กำหนดการออกเดินทางจากจังหวัดสกลนคร\r\n     วันที่ 15 กันยายน นี้\r\n#เชียงราย  #น้ำท่วม  #ภาคเหนือ #อุทกภัย\r\n#ปันน้ำใจช่วยผู้ประสบภัย",
      "location": "ศูนย์การเรียนรู้ชุมชนคนหนุ่มสาว ตำบลโพนแพง อำเภออากาศอำนวย จังหวัดสกลนคร",
      "event_date": "2024-09-24T05:00:00Z",
      "category": "จิตอาสาด้านภัยพิบัติและบรรเทาทุกข์",
      "slots_available": 0,
      "fee": null,
      "allow_register": false,
      "image": "activity_images/นำทวมภาคเหนอ.jpg",
      "schedule": "",
      "map_lat": null,
      "map_lng": null,
      "create_group": true,
      "organizer": [
        "tast2@gmail.com"
      ],
      "created_at": "2026-03-07T21:07:57.573Z",
      "updated_at": "2026-03-07T21:17:35.633Z",
      "is_hidden": false,
      "is_deleted": false,
      "status": "APPROVED",
      "likes": [
        [
          "tast6@gmail.com"
        ]
      ],
      "saves": []
    }
  },
  {
    "model": "post.post",
    "pk": 30,
    "fields": {
      "title": "สงกรานต์สุขใจ ปลอดภัย ไร้แอลกอฮอล์",
      "description": "สงกรานต์สุขใจ ปลอดภัย ไร้แอลกอฮอล์\r\nวันที่ 20 เมษายน 2568\r\n  วันนี้ คณะทำงานและอาสาสมัคร ศูนย์การเรียนรู้ชุมชนคนหนุ่มสาว ￼ ร่วมกับ เครือข่ายสร้างเสริมสุขภาพเยาวชน  แกนนำนักศึกษาสร้างเสริมสุขภาพ, กลุ่มเยาวชนอาสาสมัครVirus Volunteer, เครือข่ายเยาวชนพัฒนาเมืองสกลนคร และเยาวชนในพื้นที่อำเภออากาศอำนวย จัดกิจกรรมสงกรานต์67 สุขใจ. ปลอดภัยไร้แอลกอฮอล์  เพื่อสื่อสารและรณรงค์การลด ละ เลิก เครื่องดื่มแอลกอฮอล์และการรณรงค์ไม่สูบบุหรี่และบุหรี่ไฟฟ้าในพื้นที่สาธารณะและการดำเนินกิจกรรมปิดเทอมวันหยุดสร้างสรรค์อัศจรรย์วันว่าง ภายใต้โครงการฮักบ้านเกิด ความสุขอยู่ที่บ้านเรา ฯ พร้อมกับการเชื่อมความสัมพันธ์ระหว่างเด็กและเยาวชนร่วมกับผู้สูงอายุในชุมชนให้มีความสัมพันธ์อันดีระหว่างกัน เพื่อให้เกิดสุขภาวะทั้งทางร่างกาย จิตใจ ปัญญา และสังคม เกิดสังคมสุขภาวะอย่างเป็นรูปธรรม\r\n โดยมีนายธนภัทร  แสงหิรัญ ผู้อำนวยการศูนย์การเรียนรู้ชุมชนหนุ่มสาว กล่าวทักทายพูดคุยและสื่อสารการรณรงค์ร่วมกับผู้นำชุมชน ปราชญ์ชาวบ้าน และผู้สูงอายุในพื้นที่บ้านกลาง ตำบลโพนแพง อำเภออากาศอำนวย  จังหวัดจังหวัดสกลนคร ซึ่งมีผู้เข้าร่วมมากกว่า 60 คน\r\n ทางนี้ในกิจกรรมมีการรดน้ำดับหัวผู้สูงอายุ ขอพรผู้หลักผู้ใหญ่ที่เข้าร่วมกิจกรรม เนื่องในเทศกาลสงกรานต์ ปี 2567\r\nเพื่อเป็นขวัญและกำลังใจในการดำเนินงานด้านการพัฒนาศักยภาพเด็กและเยาวชนของเจ้าหน้าที่ อาสาสมัคร และนักศึกษาฝึกงาน ในพื้นที่ศูนย์การเรียนรู้ชุมชนคนหนุ่มสาว\r\n#สงกรานต์ #ประเพณี #รดนำดำหัว #ผู้สูงอายุ  #เด็กและเยาวชน  #เขตสุขภาพเพื่อประชาชนเขต8 #อนุกรรมการเด็กและเยาวชน  #ภาคีสัมพันธ์ #ฮักบ้านเกิด #ความสุขอยู่ที่บ้านเรา  #ปิดเทอมสร้างสรรค์ #อัศจรรย์วันว่าง\r\n￼ สนับสนุนและขับเคลื่อนโดย￼\r\n- สสส. (สำนักงานกองทุนสนับสนุนการสร้างเสริมสุขภาพ) : ThaiHealth\r\n- ขสย. - เครือข่ายสร้างเสริมสุขภาพเยาวชน\r\n- สร้างสรรค์โอกาส\r\n- ปิดเทอมสร้างสรรค์\r\n- กลุ่มอาสาสมัคร Virus Volunteer",
      "location": "ศูนย์การเรียนรู้ชุมชนคนหนุ่มสาว ตำบลโพนแพง อำเภออากาศอำนวย จังหวัดสกลนคร",
      "event_date": "2025-04-20T09:00:00Z",
      "category": "จิตอาสาด้านศาสนาและวัฒนธรรม",
      "slots_available": 0,
      "fee": null,
      "allow_register": false,
      "image": "activity_images/สงกรานต_68.jpg",
      "schedule": "",
      "map_lat": 17.576803,
      "map_lng": 103.972948,
      "create_group": false,
      "organizer": [
        "tast2@gmail.com"
      ],
      "created_at": "2026-03-07T21:20:44.013Z",
      "updated_at": "2026-03-07T22:28:01.803Z",
      "is_hidden": false,
      "is_deleted": false,
      "status": "APPROVED",
      "likes": [
        [
          "tast6@gmail.com"
        ]
      ],
      "saves": []
    }
  },
  {
    "model": "post.post",
    "pk": 31,
    "fields": {
      "title": "ชวนแต่งตัวตามพื้นที",
      "description": "เนื่องในวันสงกรานต์ ที่จะถึงในอีก1เดือนข้างหน้า \r\nอยากเชิญชวน เยาวชนคนไทย ร่วมแต่งกายชุดไทย หรือ ชุดพื้นเมืองตามพื้นที่ของท่าน\r\nในช่วงสงกรานต์นี้",
      "location": "อำเภออากาศอำนวย จังหวัดสกลนคร",
      "event_date": "2025-04-13T02:00:00Z",
      "category": "จิตอาสาด้านศาสนาและวัฒนธรรม",
      "slots_available": 0,
      "fee": null,
      "allow_register": false,
      "image": "activity_images/เฒา.jpg",
      "schedule": "",
      "map_lat": 17.642148,
      "map_lng": 103.961578,
      "create_group": true,
      "organizer": [
        "kanyarat.bua.66@ubu.ac.th"
      ],
      "created_at": "2026-03-07T21:30:38.169Z",
      "updated_at": "2026-03-07T22:28:01.266Z",
      "is_hidden": false,
      "is_deleted": false,
      "status": "APPROVED",
      "likes": [
        [
          "tast6@gmail.com"
        ]
      ],
      "saves": []
    }
  },
  {
    "model": "post.post",
    "pk": 32,
    "fields": {
      "title": "ตุลา  พาน้องเรียนรู้",
      "description": "ตุลา  พาน้องเรียนรู้ \r\n\r\nฮักบ้านเกิด \r\nเปิดรับเยาวชน นักศึกษาหรืออาสาสมัคร หรืออาสาสมัคร ที่สนใจร่วมเรียนรู้และขับเคลื่อนการดำเนินกิจกรรมสร้างสรรค์สำหรับเด็กและเยาวชน\r\n\r\nกิจกรรมที่ทำ \r\n- พาน้องเล่นอิสระ (play worker)\r\n- พัฒนาพื้นที่เรียนรู้สร้างสรรค์ ฐานกิจกรรมทางกาย\r\n- ทำค่ายอาสามินิ / ค่ายเรียนรู้\r\n- จัดกระบวนการเรียนรู้ประเด็นปัจจัยเสี่ยง\r\n- จัดเวทีแลกเปลี่ยนพูดคุยร่วมกับหน่วยงานอื่นๆ\r\n- จัดกิจกรรมรณรงค์ สื่อสาร เฝ้าระวัง ผลกระทบสุขภาพของ\r\nเด็กและเยาวชน\r\n- เข้าร่วมแลกเปลี่ยนเรียนรู้กับภาคี เครือข่ายข้ามประเด็น\r\nข้ามพื้นที่\r\n* พื้นที่ดำเนินงาน จ.สกลนคร - นครพนม - กาฬสินธุ์- อุบลราชธานี - หนองบัวลำภู - มุกดาหาร - อำนาจเจริญ\r\n\r\nระยะเวลาที่ร่วมเรียนรู้ด้วยกัน\r\n ตั้งแต่12 ตุลาคม เป็นต้นไป (แล้วแต่สะดวก)\r\n\r\nการรับสมัครเพียง 8 คน \r\n\r\nรายละเอียด\r\n- เป็นนักเรียนชั้น ม.ปลาย ในพื้นที่จังหวัดสกลนคร (โดยได้รับอนุญาตจากผู้ปกครอง\r\n- เป็นนักศึกษาที่สนใจ ไม่จำกัดสาขาที่เรียน\r\n- สามารถอยู่ประจำได้อย่างน้อย 1 สัปดาห์ ณ ศูนย์การเรียนรู้ชุมชนคนหนุ่มสาว อ.อากาศอำนวย\r\n- มีบ้านพัก / อาหาร / หนังสือ / ขนม-กาแฟ ให้ทาน\r\n***ได้ใบเกียรติบัตรรับรองความสามารถ***\r\n\r\nสนใจสมัคร : โทรหรือทักกล่องข้อความเพจ แล้วแนะนำตนเองให้เรารู้จัก\r\n\r\n#ฮักบ้านเกิด #ฮีลใจ #ความสุขอยู่ที่บ้านเรา #อาสาร่วมเรียนรู้ #ตุลาคม สสส. (สำนักงานกองทุนสนับสนุนการสร้างเสริมสุขภาพ) : ThaiHealth ขสย. - เครือข่ายสร้างเสริมสุขภาพเยาวชน กลุ่มอาสาสมัคร Virus Volunteer #เยาวชน #ศูนย์การเรียนรู้ชุมชนคนหนุ่มสาว #สกลนคร #เครือข่ายเยาวชนพัฒนาเมือง ดูน้อยลง",
      "location": "ศูนย์การเรียนรู้ชุมชนคนหนุ่มสาว ตำบลโพนแพง อำเภออากาศอำนวย จังหวัดสกลนคร",
      "event_date": "2026-10-10T02:00:00Z",
      "category": "จิตอาสาด้านเยาวชนและเด็ก",
      "slots_available": 8,
      "fee": null,
      "allow_register": true,
      "image": "activity_images/ตลาพานองเรยนร.jpg",
      "schedule": "",
      "map_lat": 17.576803,
      "map_lng": 103.972948,
      "create_group": true,
      "organizer": [
        "tast5@gmail.com"
      ],
      "created_at": "2026-03-07T21:33:55.230Z",
      "updated_at": "2026-03-07T22:28:00.951Z",
      "is_hidden": false,
      "is_deleted": false,
      "status": "APPROVED",
      "likes": [
        [
          "tast6@gmail.com"
        ]
      ],
      "saves": []
    }
  },
  {
    "model": "post.post",
    "pk": 33,
    "fields": {
      "title": "กิจกรรม “รวมพลังอาสา พัฒนาชุมชนสะอาด”",
      "description": "ขอเชิญชวนเยาวชน นักศึกษา และประชาชนทั่วไป ร่วมกิจกรรม “รวมพลังอาสา พัฒนาชุมชนสะอาด” เพื่อร่วมกันทำความสะอาดพื้นที่สาธารณะภายในชุมชน เช่น ถนน สวนสาธารณะ และพื้นที่กิจกรรมของชุมชน โดยมีเป้าหมายเพื่อสร้างสภาพแวดล้อมที่สะอาด น่าอยู่ และส่งเสริมการมีส่วนร่วมของคนในชุมชนในการดูแลพื้นที่ส่วนรวม\r\nกิจกรรมภายในงาน\r\n\r\nทำความสะอาดบริเวณถนนและพื้นที่สาธารณะ\r\nเก็บขยะและคัดแยกขยะ\r\nปรับปรุงภูมิทัศน์และปลูกต้นไม้\r\nสร้างจิตสำนึกในการดูแลชุมชนร่วมกัน",
      "location": "สวนสาธารณะ หนองประจักษ์",
      "event_date": "2026-04-01T01:30:00Z",
      "category": "จิตอาสาด้านสาธารณประโยชน์",
      "slots_available": 15,
      "fee": null,
      "allow_register": true,
      "image": "activity_images/กจกรรม1.png",
      "schedule": "",
      "map_lat": 17.417661,
      "map_lng": 102.785801,
      "create_group": true,
      "organizer": [
        "tast7@gmail.com"
      ],
      "created_at": "2026-03-07T21:45:56.888Z",
      "updated_at": "2026-03-07T22:28:00.624Z",
      "is_hidden": false,
      "is_deleted": false,
      "status": "APPROVED",
      "likes": [
        [
          "tast6@gmail.com"
        ]
      ],
      "saves": []
    }
  },
  {
    "model": "post.post",
    "pk": 34,
    "fields": {
      "title": "กิจกรรม “อาสาพัฒนาพื้นที่เรียนรู้ของชุมชน”",
      "description": "ขอเชิญชวนอาสาสมัครร่วมกิจกรรม “อาสาพัฒนาพื้นที่เรียนรู้ของชุมชน” เพื่อปรับปรุงและพัฒนาพื้นที่สำหรับการเรียนรู้ของเด็กและเยาวชนในชุมชน เช่น ห้องสมุดชุมชน ลานกิจกรรม หรือพื้นที่อ่านหนังสือ ให้มีความสะอาด สวยงาม และเหมาะสมสำหรับการใช้งาน\r\n\r\nกิจกรรมภายในงาน\r\nทำความสะอาดพื้นที่เรียนรู้\r\nจัดระเบียบหนังสือและอุปกรณ์การเรียน\r\nทาสีและตกแต่งพื้นที่กิจกรรม\r\nจัดมุมอ่านหนังสือสำหรับเด็กและเยาวชน",
      "location": "ศูนย์การเรียนรู้ชุมชน",
      "event_date": "2026-04-05T02:00:00Z",
      "category": "จิตอาสาด้านสาธารณประโยชน์",
      "slots_available": 15,
      "fee": null,
      "allow_register": true,
      "image": "activity_images/กจกรรม2.png",
      "schedule": "schedules/กจกรรม2.png",
      "map_lat": 17.412174,
      "map_lng": 102.785908,
      "create_group": true,
      "organizer": [
        "tast7@gmail.com"
      ],
      "created_at": "2026-03-07T21:48:08.467Z",
      "updated_at": "2026-03-07T22:28:00.304Z",
      "is_hidden": false,
      "is_deleted": false,
      "status": "APPROVED",
      "likes": [
        [
          "tast6@gmail.com"
        ]
      ],
      "saves": []
    }
  },
  {
    "model": "post.post",
    "pk": 35,
    "fields": {
      "title": "โครงการธรรมศาสตร์ช้างเผือก",
      "description": "\"กลุ่มนักเรียนที่กำลังศึกษาอยู่ชั้นมัธยมศึกษาปีที่ 6 หรือเทียบเท่า\" เป็น \"กลุ่มนักเรียนที่กำลังศึกษาอยู่ชั้นมัธยมศึกษาปีที่ 6\"]\r\n มธ. เปิดรับสมัคร “โครงการธรรมศาสตร์ช้างเผือก” ปี 2569 มอบ 150 ทุน มุ่งสร้างโอกาสเด็กเรียนดีจากพื้นที่ห่างไกล \r\n.28 มกราคม 2569\r\nกว่า 4 ทศวรรษที่มหาวิทยาลัยธรรมศาสตร์มุ่งมั่นขับเคลื่อนสังคมไทยด้วยการลดช่องว่างทางความรู้และโอกาส หนึ่งในภารกิจสำคัญที่ดำเนินมาอย่างต่อเนื่อง คือ \"โครงการธรรมศาสตร์ช้างเผือก - โครงการนักศึกษาเรียนดีจากชนบท มหาวิทยาลัยธรรมศาสตร์\" เพื่อมอบโอกาสในการเข้าถึงการศึกษาที่มีคุณภาพอย่างเท่าเทียมให้นักเรียนจากพื้นที่ห่างไกลและพื้นที่ขาดแคลน\r\n.\r\nสำหรับปีการศึกษา 2569 นี้ มหาวิทยาลัยธรรมศาสตร์ยังคงเดินหน้าสานต่อเจตนารมณ์ดังกล่าว โดยเปิดรับสมัครคัดเลือกบุคคลเข้าศึกษาในระดับปริญญาตรี ผ่านระบบ TCAS รอบที่ 2 (Quota) โดยมุ่งเน้นกลุ่มเป้าหมายที่มีศักยภาพทางวิชาการแต่ขาดแคลนทุนทรัพย์ เพื่อสร้างบุคลากรคุณภาพกลับไปพัฒนาท้องถิ่นและประเทศชาติต่อไป\r\n.\r\n★ #พื้นที่และกลุ่มเป้าหมายในการรับสมัคร\r\nโครงการฯ มุ่งเน้นไปที่กลุ่มนักเรียนที่กำลังศึกษาอยู่ชั้นมัธยมศึกษาปีที่ 6 โดยกำหนดพื้นที่การรับสมัครเพื่อให้เข้าถึงกลุ่มเป้าหมายอย่างตรงจุด ดังนี้ 1) พื้นที่ต่างจังหวัด 51 จังหวัด ในภูมิภาคต่างๆ ทั้งภาคเหนือ ภาคตะวันออกเฉียงเหนือ ภาคกลาง ภาคตะวันออก และภาคใต้  และ 2) สำหรับนักเรียนที่อาศัยอยู่ในชุมชนแออัด หรือชุมชนที่มีลักษณะแออัดในเขต กทม. เพื่อช่วยเหลือผู้ขาดโอกาสในเมืองใหญ่\r\n.\r\n★ #ทุนการศึกษาเพื่อสานฝันเด็กเรียนดีแต่ขาดแคลนทุนทรัพย์\r\nเพื่อแบ่งเบาภาระค่าใช้จ่ายและสร้างหลักประกันทางการศึกษา มหาวิทยาลัยได้จัดสรรทุนการศึกษาให้แก่ผู้ผ่านการคัดเลือก รวมทั้งสิ้น #150 ทุน แบ่งเป็น - ทุนเต็มจำนวน 50 ทุน - และ -ทุนบางส่วน 100 ทุน - โดยพิจารณาตามความจำเป็นทางเศรษฐกิจ เพื่อให้นักศึกษาสามารถมุ่งมั่นกับการเรียนรู้และพัฒนาตนเองได้อย่างเต็มที่ตลอดหลักสูตร\r\n.\r\n★ #คุณสมบัติสำคัญของผู้สมัคร\r\nผู้ที่ประสงค์จะสมัครรับการคัดเลือก จะต้องมีคุณสมบัติเบื้องต้น ดังนี้\r\n- เป็นผู้ที่มีรายได้ครอบครัวน้อยโดยมีรายได้รวมก่อนหักค่าใช้จ่าย ไม่เกิน 360,000 บาทต่อปี\r\n- มีคะแนนเฉลี่ยสะสม (GPAX) 5 ภาคการศึกษา (ม.4 – ม.6 ภาค 1) ไม่ต่ำกว่า 2.50\r\n- มีคะแนนสอบ TGAT ประจำปีการศึกษา 2569\r\n- ผู้สมัครและบิดา/มารดา/ผู้อุปการะ ต้องมีชื่ออยู่ในทะเบียนบ้านในพื้นที่ที่กำหนด ไม่น้อยกว่า 1 ปี ณ วันที่สมัคร\r\n.\r\n★ #คณะที่เปิดรับสมัคร\r\nโครงการเปิดโอกาสรับสมัครในหลากหลายสาขาวิชา ทั้งสายวิทย์และสายศิลป์ อาทิ คณะนิติศาสตร์, พาณิชยศาสตร์และการบัญชี, รัฐศาสตร์, เศรษฐศาสตร์, สังคมสงเคราะห์ศาสตร์, ศิลปศาสตร์, วารสารศาสตร์ฯ, วิทยาศาสตร์และเทคโนโลยี, วิศวกรรมศาสตร์, พยาบาลศาสตร์, ศิลปกรรมศาสตร์, สาธารณสุขศาสตร์, สหเวชศาสตร์ และวิทยาลัยสหวิทยาการ\r\n.\r\n▧▧▧ กำหนดการรับสมัคร ตั้งแต่ 22 มกราคม – 12 กุมภาพันธ์ 2569 (ไม่มีค่าใช้จ่าย) ▧▧\r\n.\r\nสอบถามรายละเอียดเพิ่มเติมที่ Facebook: งานรับเข้าศึกษา ม.ธรรมศาสตร์\r\n.\r\n.\r\n||||||||| โครงการ \"ธรรมศาสตร์ช้างเผือก\" เพื่อรับนักเรียนเรียนดีจากชนบทและพื้นที่ขาดแคลน สอดคล้องกับเป้าหมายการพัฒนาที่ยั่งยืน (SDGs) ดังนี้\r\n- #SDG4 (การศึกษาที่มีคุณภาพ) เป็นเป้าหมายหลักโดยตรง โดยเฉพาะ เป้าหมายย่อยด้านการเข้าถึงการศึกษาระดับอุดมศึกษาอย่างเท่าเทียม โครงการนี้เปิดโอกาสให้นักเรียนที่มีศักยภาพแต่ขาดแคลนทุนทรัพย์ ได้เข้าถึงการศึกษามหาวิทยาลัยที่มีคุณภาพผ่านการสนับสนุนทุนการศึกษาทั้งแบบเต็มจำนวนและบางส่วน\r\n- #SDG10 (ลดความเหลื่อมล้ำ) โครงการนี้มุ่งเน้นการกระจายโอกาส เพื่อลดช่องว่างทางการศึกษาระหว่างเมืองและชนบท และสร้างความเท่าเทียมทางสังคมให้เกิดขึ้นจริง",
      "location": "ธรรมศาสตร์",
      "event_date": "2026-01-27T17:00:00Z",
      "category": "จิตอาสาด้านการศึกษา",
      "slots_available": 0,
      "fee": null,
      "allow_register": false,
      "image": "activity_images/ชางเผอก_มก.jpg",
      "schedule": "",
      "map_lat": null,
      "map_lng": null,
      "create_group": true,
      "organizer": [
        "tast7@gmail.com"
      ],
      "created_at": "2026-03-07T21:51:17.523Z",
      "updated_at": "2026-03-07T22:27:59.984Z",
      "is_hidden": false,
      "is_deleted": false,
      "status": "APPROVED",
      "likes": [
        [
          "tast6@gmail.com"
        ]
      ],
      "saves": []
    }
  },
  {
    "model": "post.post",
    "pk": 36,
    "fields": {
      "title": "ชม หนังใหญ่ไฟกะลา",
      "description": "ขอเชิญชวนมาร่วมกิจกรรม 33 ปี กลุ่มยายกับตา  ชม หนังใหญ่ไฟกะลา โดยคณะหนังใหญ่วัดขนอน โพธาราม ราชบุรี   ร่วม สักการะ หลวงพ่อริด วัดพลับพลาชัย เมืองเพชรบุรี    มาร่วมช่วยกัน สร้างกิจกรรมสร้างสรรค์ ร่วมกันครับ  การแสดงของภาคีเครือข่ายงานด้านวัฒนธรรม  หุ่นคนแม่เพทาย   และ KruOil Dramatic Arts  ครู KruMook Pradabmook  \r\nครูหมึก  สุดารัตน์ เอี๊ยะแหวด\r\nสนุกกับ การทำใบตาล กับคุณครูใจดี Udomsak Bureekul\r\n  มุมเล็กที่อบอุ่นหุ่นเงาของแม่แก้ม Mommy Puppet  Sirichit Jitthawonkul\r\nงานผ้าสวยๆ สีจากธรรมชาติ\r\nงานศิลป์ ลายเส้น กับ อาเล็ก บ้านศิลปะ  อาเอก บ้านศิลปะ R-rek Arthome\r\nชมนิทรรศการผ้า ของผ้าลายนายหนุ่ย พร้อมงานผ้าฝ้ายทำมือ สีจากธรรมชาติ ...อร่อย กับ ขนมจีนทอดมัน บ้านยายกับตา  เชฟสารัตน์ Taa Yaikabtaa\r\nเลม่อนฮันนี  #สวนนายตฤณ โดยน้าโทน   Tone Tamaka\r\n ลูกหลานยายกับตา ท่านใด องค์กรภาคีใด ที่ สามารถ มาร่วมในการแสดงงาน ทำกิจกรรม ร่วมแสดง แบ่งปันความสุขร่วมกัน แจ้งมาที่ ตาหนุ่ยได้ เลยครับ   .... มาพบปะ พูดคุย เจอะเจอกัน ในช่วงเวลา ที่ เรายังคุยกัน ยิ้ม หัวเราะ ร่วมกัน...ว่างก็มากันนะครับ นัด พบ กัน ท่าน้ำวัดพลับพลาชัยครับ.\r\n กิจกรรม เริ่ม 4 โมงเย็น .......หนังใหญ่ แสดง 2ทุ่มครับผม  \r\n33ปีกลุ่มยายกับตา\r\nตามหาผู้ใหญ่ใจดี สนับสนุน ทุนในการดำเนินกิจกรรม ครับ \r\nการระดมทุน ช่วงนี้ ยากมากครับ..  \r\n14 กุมภาพันธ์ 2569",
      "location": "วัดพลับพลาชัย เมืองเพชรบุรี",
      "event_date": "2026-02-14T05:00:00Z",
      "category": "จิตอาสาด้านศาสนาและวัฒนธรรม",
      "slots_available": 0,
      "fee": null,
      "allow_register": false,
      "image": "activity_images/33กลมตายาย.jpg",
      "schedule": "schedules/ตายาย.png",
      "map_lat": 13.745469,
      "map_lng": 100.512614,
      "create_group": true,
      "organizer": [
        "tast10@gmail.com"
      ],
      "created_at": "2026-03-07T22:00:31.926Z",
      "updated_at": "2026-03-07T22:27:59.266Z",
      "is_hidden": false,
      "is_deleted": false,
      "status": "APPROVED",
      "likes": [
        [
          "tast6@gmail.com"
        ]
      ],
      "saves": []
    }
  },
  {
    "model": "post.post",
    "pk": 37,
    "fields": {
      "title": "กิจกรรม “สร้างเว็บไซต์เพื่อชุมชน”",
      "description": "กิจกรรมเวิร์กช็อปที่สอนพื้นฐานการสร้างเว็บไซต์สำหรับชุมชน เช่น การออกแบบหน้าเว็บ การเขียน HTML เบื้องต้น และการเผยแพร่ข้อมูลกิจกรรมชุมชนผ่านเว็บไซต์ เพื่อส่งเสริมการใช้เทคโนโลยีเพื่อพัฒนาสังคม",
      "location": "มหาวิทยาลัยเทคโนโลยีพระจอมเกล้าธนบุรี กรุงเทพมหานคร",
      "event_date": "2026-08-10T02:00:00Z",
      "category": "จิตอาสาด้านเทคโนโลยีและสื่อสาร",
      "slots_available": 15,
      "fee": null,
      "allow_register": true,
      "image": "activity_images/PixVerse_Image_Effect_prompt_students_learning.jpg",
      "schedule": "schedules/กจกรรม3.1.png",
      "map_lat": 13.651772,
      "map_lng": 100.494409,
      "create_group": true,
      "organizer": [
        "tast10@gmail.com"
      ],
      "created_at": "2026-03-07T22:11:55.395Z",
      "updated_at": "2026-03-07T22:27:58.706Z",
      "is_hidden": false,
      "is_deleted": false,
      "status": "APPROVED",
      "likes": [
        [
          "tast6@gmail.com"
        ]
      ],
      "saves": []
    }
  },
  {
    "model": "post.post",
    "pk": 38,
    "fields": {
      "title": "กิจกรรม “สื่อสร้างสรรค์เพื่อรณรงค์สังคม”",
      "description": "กิจกรรมฝึกทำสื่อออนไลน์เพื่อรณรงค์ประเด็นสังคม เช่น สิ่งแวดล้อม สุขภาพ หรือความปลอดภัยบนท้องถนน โดยผู้เข้าร่วมจะได้เรียนรู้การออกแบบโปสเตอร์ดิจิทัล การทำอินโฟกราฟิก และการเผยแพร่ผ่านโซเชียลมีเดีย",
      "location": "ศูนย์เยาวชนกรุงเทพมหานคร (ไทย-ญี่ปุ่น) กรุงเทพมหานคร",
      "event_date": "2026-11-05T02:00:00Z",
      "category": "จิตอาสาด้านเทคโนโลยีและสื่อสาร",
      "slots_available": 15,
      "fee": null,
      "allow_register": true,
      "image": "activity_images/Gemini_Generated_Image_xo0smuxo0smuxo0s.png",
      "schedule": "",
      "map_lat": 13.766409,
      "map_lng": 100.552345,
      "create_group": true,
      "organizer": [
        "tast10@gmail.com"
      ],
      "created_at": "2026-03-07T22:14:10.292Z",
      "updated_at": "2026-03-07T23:00:38.131Z",
      "is_hidden": false,
      "is_deleted": false,
      "status": "APPROVED",
      "likes": [
        [
          "tast6@gmail.com"
        ]
      ],
      "saves": []
    }
  },
  {
    "model": "post.post",
    "pk": 39,
    "fields": {
      "title": "กิจกรรม “สอนผู้สูงอายุใช้สมาร์ตโฟนอย่างปลอดภัย”",
      "description": "กิจกรรมอาสาสมัครที่เปิดโอกาสให้นักศึกษาและเยาวชนช่วยสอนผู้สูงอายุให้ใช้สมาร์ตโฟนและอินเทอร์เน็ตอย่างปลอดภัย เช่น การใช้ LINE การค้นหาข้อมูล การระวังภัยออนไลน์ และการใช้งานแอปพลิเคชันพื้นฐาน",
      "location": "ศูนย์การเรียนรู้ ICT ชุมชน จังหวัดขอนแก่น",
      "event_date": "2026-11-20T02:00:00Z",
      "category": "จิตอาสาด้านเทคโนโลยีและสื่อสาร",
      "slots_available": 10,
      "fee": null,
      "allow_register": true,
      "image": "activity_images/PixVerse_Image_Effect_prompt_เดกสอน_กจกรรมอบ.jpg",
      "schedule": "schedules/กจกรรม1.1.png",
      "map_lat": 18.915496,
      "map_lng": 99.134643,
      "create_group": true,
      "organizer": [
        "tast10@gmail.com"
      ],
      "created_at": "2026-03-07T22:20:14.905Z",
      "updated_at": "2026-03-07T22:27:57.751Z",
      "is_hidden": false,
      "is_deleted": false,
      "status": "APPROVED",
      "likes": [
        [
          "tast6@gmail.com"
        ]
      ],
      "saves": [
        [
          "tast6@gmail.com"
        ]
      ]
    }
  },
  {
    "model": "post.post",
    "pk": 40,
    "fields": {
      "title": "กิจกรรม “Digital Storytelling ชุมชนของเรา”",
      "description": "กิจกรรมเวิร์กช็อปสำหรับเยาวชนและนักศึกษาที่สนใจการใช้เทคโนโลยีในการเล่าเรื่องราวของชุมชน ผ่านการถ่ายภาพ การตัดต่อวิดีโอ และการเผยแพร่เรื่องราวผ่านสื่อออนไลน์ เพื่อส่งเสริมการใช้เทคโนโลยีอย่างสร้างสรรค์และพัฒนาทักษะการสื่อสารดิจิทัล",
      "location": "ห้องสมุดประชาชนจังหวัดเชียงใหม่",
      "event_date": "2026-03-15T02:00:00Z",
      "category": "จิตอาสาด้านเทคโนโลยีและสื่อสาร",
      "slots_available": 12,
      "fee": null,
      "allow_register": true,
      "image": "activity_images/Gemini_Generated_Image_vji4e9vji4e9vji4.png",
      "schedule": "schedules/1.1.png",
      "map_lat": 18.746221,
      "map_lng": 99.115833,
      "create_group": true,
      "organizer": [
        "tast10@gmail.com"
      ],
      "created_at": "2026-03-07T22:24:30.022Z",
      "updated_at": "2026-03-07T22:58:31.966Z",
      "is_hidden": false,
      "is_deleted": false,
      "status": "APPROVED",
      "likes": [
        [
          "tast6@gmail.com"
        ]
      ],
      "saves": []
    }
  },
  {
    "model": "post.post",
    "pk": 41,
    "fields": {
      "title": "กิจกรรมค่ายเสริมทักษะภาษาอังกฤษเพื่อการสื่อสาร",
      "description": "เวลา 09.00 – 15.30 น.\r\nกิจกรรมค่ายภาษาอังกฤษสำหรับเด็กและเยาวชน เน้นการเรียนรู้ผ่านเกม กิจกรรมกลุ่ม และการฝึกสนทนาในสถานการณ์จริง เพื่อเสริมสร้างความมั่นใจในการใช้ภาษาอังกฤษในชีวิตประจำวัน ผู้เข้าร่วมจะได้ฝึกทักษะการฟัง พูด อ่าน และเขียน พร้อมทั้งเรียนรู้คำศัพท์ใหม่ ๆ ผ่านกิจกรรมที่สนุกสนาน เช่น เกมภาษาอังกฤษ บทบาทสมมติ และกิจกรรมสร้างสรรค์ร่วมกับเพื่อน ๆ",
      "location": "โรงเรียนบ้านสวน อำเภอเมือง จังหวัดชลบุรี",
      "event_date": "2026-04-18T02:00:00Z",
      "category": "จิตอาสาด้านการศึกษา",
      "slots_available": 8,
      "fee": null,
      "allow_register": true,
      "image": "activity_images/Gemini_Generated_Image_t1x1kmt1x1kmt1x1.png",
      "schedule": "",
      "map_lat": 7.9833,
      "map_lng": 99.588671,
      "create_group": true,
      "organizer": [
        "tast10@gmail.com"
      ],
      "created_at": "2026-03-07T22:36:00.677Z",
      "updated_at": "2026-03-07T22:53:43.022Z",
      "is_hidden": false,
      "is_deleted": false,
      "status": "APPROVED",
      "likes": [
        [
          "tast6@gmail.com"
        ]
      ],
      "saves": []
    }
  },
  {
    "model": "post.post",
    "pk": 42,
    "fields": {
      "title": "กิจกรรมติวเตอร์สอนน้องเตรียมสอบ O-NET",
      "description": "กิจกรรมติวเสริมความรู้สำหรับนักเรียนที่กำลังเตรียมสอบ O-NET โดยมีครูอาสาและนักศึกษาจิตอาสามาร่วมสอนในวิชาหลัก เช่น คณิตศาสตร์ ภาษาไทย วิทยาศาสตร์ และภาษาอังกฤษ เน้นการอธิบายเนื้อหาที่สำคัญ เทคนิคการทำข้อสอบ และการฝึกทำข้อสอบจริง เพื่อเพิ่มความพร้อมและความมั่นใจให้กับนักเรียนก่อนเข้าสู่การสอบ",
      "location": "โรงเรียนหนองคายพิทยาคาร อำเภอเมือง จังหวัดหนองคาย",
      "event_date": "2026-06-22T01:30:00Z",
      "category": "จิตอาสาด้านการศึกษา",
      "slots_available": 15,
      "fee": null,
      "allow_register": true,
      "image": "activity_images/ตวนองสอบโอเนต.png",
      "schedule": "",
      "map_lat": 17.888889,
      "map_lng": 102.776473,
      "create_group": true,
      "organizer": [
        "tast10@gmail.com"
      ],
      "created_at": "2026-03-07T22:38:27.300Z",
      "updated_at": "2026-03-07T22:49:10.278Z",
      "is_hidden": false,
      "is_deleted": false,
      "status": "APPROVED",
      "likes": [
        [
          "tast6@gmail.com"
        ]
      ],
      "saves": []
    }
  },
  {
    "model": "post.post",
    "pk": 43,
    "fields": {
      "title": "กิจกรรมห้องสมุดเคลื่อนที่สู่ชุมชน",
      "description": "กิจกรรมส่งเสริมการอ่านสำหรับเด็กและเยาวชนในชุมชน โดยนำรถห้องสมุดเคลื่อนที่ไปให้บริการหนังสือ นิทาน และสื่อการเรียนรู้ พร้อมกิจกรรมอ่านนิทาน วาดภาพ ระบายสี และเกมเสริมทักษะการอ่าน เพื่อสร้างนิสัยรักการอ่าน และเปิดโอกาสให้เด็ก ๆ ในพื้นที่ชนบทเข้าถึงแหล่งความรู้ได้มากขึ้น",
      "location": "วาเมทะ จ.เชียงใหม่",
      "event_date": "2026-03-19T17:00:00Z",
      "category": "จิตอาสาด้านการศึกษา",
      "slots_available": 15,
      "fee": 1500,
      "allow_register": true,
      "image": "activity_images/วามาทะ.jpg",
      "schedule": "",
      "map_lat": 18.788278,
      "map_lng": 98.98588,
      "create_group": true,
      "organizer": [
        "tast11@gmail.com"
      ],
      "created_at": "2026-03-07T22:42:47.745Z",
      "updated_at": "2026-03-07T22:49:09.725Z",
      "is_hidden": false,
      "is_deleted": false,
      "status": "APPROVED",
      "likes": [
        [
          "tast6@gmail.com"
        ]
      ],
      "saves": [
        [
          "tast6@gmail.com"
        ]
      ]
    }
  },
  {
    "model": "post.post",
    "pk": 44,
    "fields": {
      "title": "กิจกรรมปลูกป่าชายเลน รักษ์ทะเลสู่ชุมชน",
      "description": "กิจกรรมอาสาสมัครปลูกต้นโกงกางและพันธุ์ไม้ชายเลน เพื่อฟื้นฟูระบบนิเวศชายฝั่งทะเล และช่วยป้องกันการกัดเซาะชายฝั่ง ผู้เข้าร่วมจะได้เรียนรู้เกี่ยวกับความสำคัญของป่าชายเลนต่อสัตว์น้ำ ระบบนิเวศ และวิถีชีวิตของชุมชนชายฝั่ง พร้อมทั้งร่วมกันปลูกต้นไม้ ดูแลพื้นที่ และเก็บขยะบริเวณชายเลน",
      "location": "ศูนย์ศึกษาธรรมชาติป่าชายเลน อำเภอสัตหีบ จังหวัดชลบุรี",
      "event_date": "2026-03-20T01:30:00Z",
      "category": "จิตอาสาด้านสิ่งแวดล้อม",
      "slots_available": 10,
      "fee": null,
      "allow_register": true,
      "image": "activity_images/ปลกปา.png",
      "schedule": "",
      "map_lat": 13.343924,
      "map_lng": 100.944946,
      "create_group": true,
      "organizer": [
        "tast11@gmail.com"
      ],
      "created_at": "2026-03-07T22:48:41.922Z",
      "updated_at": "2026-03-07T22:49:08.783Z",
      "is_hidden": false,
      "is_deleted": false,
      "status": "APPROVED",
      "likes": [
        [
          "tast6@gmail.com"
        ]
      ],
      "saves": []
    }
  },
  {
    "model": "post.post",
    "pk": 45,
    "fields": {
      "title": "กิจกรรมเดิน–วิ่งเพื่อสุขภาพ “สุขภาพดีเริ่มที่ก้าวแรก”",
      "description": "กิจกรรมส่งเสริมสุขภาพด้วยการเดิน–วิ่งออกกำลังกายร่วมกัน เพื่อสร้างแรงจูงใจให้ประชาชนดูแลสุขภาพร่างกาย ผู้เข้าร่วมจะได้เรียนรู้การวอร์มร่างกายที่ถูกต้อง เทคนิคการวิ่งอย่างปลอดภัย และการดูแลสุขภาพหลังการออกกำลังกาย พร้อมกิจกรรมแลกเปลี่ยนความรู้เรื่องการออกกำลังกายเพื่อสุขภาพระยะยาว",
      "location": "สวนลุมพินี เขตปทุมวัน กรุงเทพมหานคร",
      "event_date": "2026-03-11T23:00:00Z",
      "category": "จิตอาสาด้านสุขภาพ",
      "slots_available": 10,
      "fee": null,
      "allow_register": true,
      "image": "activity_images/Gemini_Generated_Image_8ikwe58ikwe58ikw.png",
      "schedule": "",
      "map_lat": 13.7306,
      "map_lng": 100.541538,
      "create_group": true,
      "organizer": [
        "tast10@gmail.com"
      ],
      "created_at": "2026-03-07T22:58:20.120Z",
      "updated_at": "2026-03-07T23:32:58.470Z",
      "is_hidden": false,
      "is_deleted": false,
      "status": "APPROVED",
      "likes": [
        [
          "tast6@gmail.com"
        ]
      ],
      "saves": []
    }
  },
  {
    "model": "post.post",
    "pk": 46,
    "fields": {
      "title": "กิจกรรมโยคะยามเช้าเพื่อสุขภาพกายและใจ",
      "description": "กิจกรรมโยคะเพื่อส่งเสริมความยืดหยุ่นของร่างกาย ลดความเครียด และสร้างสมดุลของจิตใจ ผู้เข้าร่วมจะได้เรียนรู้ท่าพื้นฐานของโยคะ การควบคุมลมหายใจ และเทคนิคการผ่อนคลาย พร้อมทั้งฝึกสมาธิเบื้องต้นในบรรยากาศธรรมชาติของสวนสาธารณะ",
      "location": "สวนสาธารณะหนองประจักษ์ อำเภอเมือง จังหวัดอุดรธานี",
      "event_date": "2026-07-07T00:00:00Z",
      "category": "จิตอาสาด้านสุขภาพ",
      "slots_available": 10,
      "fee": null,
      "allow_register": true,
      "image": "activity_images/Gemini_Generated_Image_dc0exudc0exudc0e.png",
      "schedule": "",
      "map_lat": 17.417419,
      "map_lng": 102.783369,
      "create_group": true,
      "organizer": [
        "tast1@gmail.com"
      ],
      "created_at": "2026-03-07T23:20:39.517Z",
      "updated_at": "2026-03-07T23:47:01.363Z",
      "is_hidden": false,
      "is_deleted": false,
      "status": "APPROVED",
      "likes": [
        [
          "tast6@gmail.com"
        ]
      ],
      "saves": [
        [
          "tast6@gmail.com"
        ]
      ]
    }
  },
  {
    "model": "post.post",
    "pk": 47,
    "fields": {
      "title": "กิจกรรมตรวจสุขภาพเบื้องต้นและให้คำปรึกษาสุขภาพ",
      "description": "รายละเอียดกิจกรรม:\r\nกิจกรรมบริการตรวจสุขภาพเบื้องต้น เช่น วัดความดันโลหิต ตรวจระดับน้ำตาลในเลือด และประเมินค่าดัชนีมวลกาย (BMI) พร้อมให้คำปรึกษาเกี่ยวกับการดูแลสุขภาพ การป้องกันโรคไม่ติดต่อเรื้อรัง และแนวทางการปรับพฤติกรรมสุขภาพในชีวิตประจำวัน\r\n\r\nกำหนดการ:\r\n22 ตุลาคม 2569\r\nเวลา 08.30 – 12.30 น.",
      "location": "ศูนย์สุขภาพชุมชนเทศบาลเมืองนครราชสีมา จังหวัดนครราชสีมา",
      "event_date": "2026-10-22T01:30:00Z",
      "category": "จิตอาสาด้านสุขภาพ",
      "slots_available": 0,
      "fee": null,
      "allow_register": false,
      "image": "activity_images/Gemini_Generated_Image_mywl19mywl19mywl.png",
      "schedule": "",
      "map_lat": 14.965417,
      "map_lng": 102.107391,
      "create_group": false,
      "organizer": [
        "tast1@gmail.com"
      ],
      "created_at": "2026-03-07T23:23:54.875Z",
      "updated_at": "2026-03-07T23:32:57.807Z",
      "is_hidden": false,
      "is_deleted": false,
      "status": "APPROVED",
      "likes": [
        [
          "tast6@gmail.com"
        ]
      ],
      "saves": []
    }
  },
  {
    "model": "post.post",
    "pk": 48,
    "fields": {
      "title": "กิจกรรมอาสาดูแลสัตว์ป่าบาดเจ็บ",
      "description": "กิจกรรมอาสาสมัครเพื่อช่วยดูแลสัตว์ป่าที่ได้รับบาดเจ็บหรือถูกช่วยเหลือจากธรรมชาติ ผู้เข้าร่วมจะได้เรียนรู้เกี่ยวกับการดูแลสัตว์ป่าเบื้องต้น การเตรียมอาหารสัตว์ การทำความสะอาดกรง และเรียนรู้บทบาทของศูนย์ช่วยเหลือสัตว์ป่าในการอนุรักษ์สัตว์หายาก\r\nกำหนดการ:\r\n14 มีนาคม 2569\r\nเวลา 09.00 – 14.00 น.\r\nนักเรียน นักศึกษา และประชาชนทั่วไป อายุ 18 ปีขึ้นไป",
      "location": "ศูนย์ช่วยเหลือสัตว์ป่าที่ 3 (ประทับช้าง) จังหวัดลำปาง",
      "event_date": "2026-03-14T02:00:00Z",
      "category": "จิตอาสาด้านสัตว์และสิ่งมีชีวิต",
      "slots_available": 5,
      "fee": null,
      "allow_register": true,
      "image": "activity_images/Gemini_Generated_Image_4lw4z04lw4z04lw4.png",
      "schedule": "",
      "map_lat": 18.679973,
      "map_lng": 99.73325,
      "create_group": true,
      "organizer": [
        "tast6@gmail.com"
      ],
      "created_at": "2026-03-07T23:27:40.443Z",
      "updated_at": "2026-03-07T23:32:57.519Z",
      "is_hidden": false,
      "is_deleted": false,
      "status": "APPROVED",
      "likes": [
        [
          "tast6@gmail.com"
        ]
      ],
      "saves": []
    }
  },
  {
    "model": "post.post",
    "pk": 49,
    "fields": {
      "title": "กิจกรรมสำรวจสัตว์น้ำในระบบนิเวศลำคลอง",
      "description": "กิจกรรมการเรียนรู้เกี่ยวกับสัตว์น้ำในระบบนิเวศธรรมชาติ เช่น ปลา กุ้ง ปู และสิ่งมีชีวิตขนาดเล็กในแหล่งน้ำ ผู้เข้าร่วมจะได้เรียนรู้การสำรวจสิ่งมีชีวิตในน้ำ การสังเกตชนิดของสัตว์น้ำ และการรักษาความสมดุลของระบบนิเวศแหล่งน้ำ\r\n18 กรกฎาคม 2569\r\nเวลา 09.00 – 13.00 น.",
      "location": "ศูนย์อนุรักษ์พันธุ์สัตว์น้ำคลองมหาสวัสดิ์ จังหวัดนครปฐม",
      "event_date": "2026-07-18T02:00:00Z",
      "category": "จิตอาสาด้านสัตว์และสิ่งมีชีวิต",
      "slots_available": 0,
      "fee": null,
      "allow_register": false,
      "image": "activity_images/Gemini_Generated_Image_datkq9datkq9datk.png",
      "schedule": "",
      "map_lat": 13.896909,
      "map_lng": 100.018137,
      "create_group": true,
      "organizer": [
        "tast6@gmail.com"
      ],
      "created_at": "2026-03-07T23:29:57.826Z",
      "updated_at": "2026-03-07T23:34:59.660Z",
      "is_hidden": false,
      "is_deleted": false,
      "status": "APPROVED",
      "likes": [
        [
          "tast6@gmail.com"
        ]
      ],
      "saves": []
    }
  },
  {
    "model": "post.post",
    "pk": 50,
    "fields": {
      "title": "กิจกรรมเรียนรู้ชีวิตผึ้งและการเลี้ยงผึ้งพื้นบ้าน",
      "description": "กิจกรรมเรียนรู้เกี่ยวกับระบบนิเวศของผึ้งและความสำคัญของผึ้งต่อธรรมชาติและการเกษตร ผู้เข้าร่วมจะได้เรียนรู้การเลี้ยงผึ้งพื้นบ้าน การสังเกตพฤติกรรมผึ้ง การเก็บน้ำผึ้งอย่างปลอดภัย และการดูแลสิ่งแวดล้อมเพื่อให้ผึ้งสามารถดำรงชีวิตได้\r\nกำหนดการ:\r\n9 พฤษภาคม 2569\r\nเวลา 08.30 – 12.30 น.",
      "location": "นย์เรียนรู้การเกษตรบ้านแม่ทา อำเภอแม่ออน จังหวัดเชียงใหม่",
      "event_date": "2026-05-09T01:30:00Z",
      "category": "จิตอาสาด้านสัตว์และสิ่งมีชีวิต",
      "slots_available": 15,
      "fee": null,
      "allow_register": true,
      "image": "activity_images/Gemini_Generated_Image_toan3xtoan3xtoan.png",
      "schedule": "",
      "map_lat": 18.726959,
      "map_lng": 99.299322,
      "create_group": true,
      "organizer": [
        "tast7@gmail.com"
      ],
      "created_at": "2026-03-07T23:32:40.574Z",
      "updated_at": "2026-03-08T00:43:50.287Z",
      "is_hidden": false,
      "is_deleted": false,
      "status": "APPROVED",
      "likes": [
        [
          "tast6@gmail.com"
        ]
      ],
      "saves": [
        [
          "tast6@gmail.com"
        ]
      ]
    }
  },
  {
    "model": "activity_register.activityregistration",
    "pk": 1,
    "fields": {
      "post": 3,
      "user": [
        "tast1@gmail.com"
      ],
      "prefix": "นาย",
      "first_name": "Pansak",
      "last_name": "Patsaman",
      "nickname": "แบงค์",
      "birth_date": "2004-02-13",
      "gender": "ชาย",
      "current_address": "วารินชำราบ จังหวัดอุบลราชธานี",
      "phone": "0947894562",
      "email": "tast1@gmail.com",
      "contact_channel": "FB : Pansak Patsaman",
      "chronic_disease": "-",
      "food_allergy": "-",
      "drug_allergy": "-",
      "field_ability": "Y",
      "consent_personal_data": true,
      "consent_terms": true,
      "created_at": "2026-02-20T15:30:37.362Z",
      "status": "ACTIVE",
      "cancel_reason": "",
      "cancel_reason_other": "",
      "canceled_at": null,
      "cancel_undo_until": null,
      "cooldown_until": null
    }
  },
  {
    "model": "activity_register.activityregistration",
    "pk": 2,
    "fields": {
      "post": 7,
      "user": [
        "tast1@gmail.com"
      ],
      "prefix": "นาย",
      "first_name": "Pansak",
      "last_name": "Patsaman",
      "nickname": "แบงค์",
      "birth_date": "2004-02-13",
      "gender": "ชาย",
      "current_address": "วารินชำราบ จังหวัดอุบลราชธานี",
      "phone": "0947894562",
      "email": "tast1@gmail.com",
      "contact_channel": "FB : Pansak Patsaman",
      "chronic_disease": "-",
      "food_allergy": "-",
      "drug_allergy": "-",
      "field_ability": "Y",
      "consent_personal_data": true,
      "consent_terms": true,
      "created_at": "2026-02-21T15:25:23.610Z",
      "status": "CANCELED",
      "cancel_reason": "HEALTH",
      "cancel_reason_other": "",
      "canceled_at": "2026-02-21T15:41:33.949Z",
      "cancel_undo_until": "2026-02-21T15:46:33.949Z",
      "cooldown_until": null
    }
  },
  {
    "model": "activity_register.activityregistration",
    "pk": 3,
    "fields": {
      "post": 10,
      "user": [
        "tast3@gmail.com"
      ],
      "prefix": "นางสาว",
      "first_name": "แก้วตา",
      "last_name": "ดวงใจ",
      "nickname": "ตา",
      "birth_date": "2010-01-01",
      "gender": "หญิง",
      "current_address": "อุบลราชธานี",
      "phone": "0962547896",
      "email": "tast3@gmail.com",
      "contact_channel": "ID : Kaewta",
      "chronic_disease": "-",
      "food_allergy": "-",
      "drug_allergy": "-",
      "field_ability": "Y",
      "consent_personal_data": true,
      "consent_terms": true,
      "created_at": "2026-02-23T18:13:17.904Z",
      "status": "ACTIVE",
      "cancel_reason": "",
      "cancel_reason_other": "",
      "canceled_at": null,
      "cancel_undo_until": null,
      "cooldown_until": null
    }
  },
  {
    "model": "activity_register.activityregistration",
    "pk": 4,
    "fields": {
      "post": 10,
      "user": [
        "tast4@gmail.com"
      ],
      "prefix": "นาย",
      "first_name": "1",
      "last_name": "1",
      "nickname": "1",
      "birth_date": "2026-01-28",
      "gender": "ชาย",
      "current_address": "1",
      "phone": "1",
      "email": "tast4@gmail.com",
      "contact_channel": "1",
      "chronic_disease": "1",
      "food_allergy": "1",
      "drug_allergy": "1",
      "field_ability": "Y",
      "consent_personal_data": true,
      "consent_terms": true,
      "created_at": "2026-02-23T18:29:03.208Z",
      "status": "ACTIVE",
      "cancel_reason": "",
      "cancel_reason_other": "",
      "canceled_at": null,
      "cancel_undo_until": null,
      "cooldown_until": null
    }
  },
  {
    "model": "activity_register.activityregistration",
    "pk": 5,
    "fields": {
      "post": 10,
      "user": [
        "tast1@gmail.com"
      ],
      "prefix": "นาย",
      "first_name": "Pansak",
      "last_name": "Patsaman",
      "nickname": "แบงค์",
      "birth_date": "2004-01-01",
      "gender": "ชาย",
      "current_address": "วารินชำราบ จังหวัดอุบลราชธานี",
      "phone": "0947894562",
      "email": "tast1@gmail.com",
      "contact_channel": "FB : Pansak Patsaman",
      "chronic_disease": "-",
      "food_allergy": "-",
      "drug_allergy": "-",
      "field_ability": "Y",
      "consent_personal_data": true,
      "consent_terms": true,
      "created_at": "2026-02-24T07:30:21.861Z",
      "status": "ACTIVE",
      "cancel_reason": "",
      "cancel_reason_other": "",
      "canceled_at": null,
      "cancel_undo_until": null,
      "cooldown_until": null
    }
  },
  {
    "model": "activity_register.activityregistration",
    "pk": 6,
    "fields": {
      "post": 8,
      "user": [
        "tast1@gmail.com"
      ],
      "prefix": "นาย",
      "first_name": "Pansak",
      "last_name": "Patsaman",
      "nickname": "แบงค์",
      "birth_date": "2004-01-01",
      "gender": "ชาย",
      "current_address": "วารินชำราบ จังหวัดอุบลราชธานี",
      "phone": "0947894562",
      "email": "tast1@gmail.com",
      "contact_channel": "FB : Pansak Patsaman",
      "chronic_disease": "-",
      "food_allergy": "-",
      "drug_allergy": "-",
      "field_ability": "Y",
      "consent_personal_data": true,
      "consent_terms": true,
      "created_at": "2026-02-26T18:07:12.221Z",
      "status": "ACTIVE",
      "cancel_reason": "",
      "cancel_reason_other": "",
      "canceled_at": null,
      "cancel_undo_until": null,
      "cooldown_until": null
    }
  },
  {
    "model": "activity_register.activityregistration",
    "pk": 7,
    "fields": {
      "post": 8,
      "user": [
        "tast2@gmail.com"
      ],
      "prefix": "นาย",
      "first_name": "โครงการฮักบ้านเกิด",
      "last_name": "โครงการ",
      "nickname": "ฮักบ้านเกิด",
      "birth_date": "2004-01-01",
      "gender": "ชาย",
      "current_address": "ศูนย์การเรียนรู้ชุมชนคนหนุ่มสาว บ้านกลางนาโน อำเภออากาศอำนวย จังหวัดสกลนคร",
      "phone": "0614567891",
      "email": "tast2@gmail.com",
      "contact_channel": "FB : ฮักบ้านเกิด",
      "chronic_disease": "-",
      "food_allergy": "-",
      "drug_allergy": "-",
      "field_ability": "Y",
      "consent_personal_data": true,
      "consent_terms": true,
      "created_at": "2026-02-27T15:59:48.891Z",
      "status": "CANCELED",
      "cancel_reason": "HEALTH",
      "cancel_reason_other": "",
      "canceled_at": "2026-02-27T16:00:11.143Z",
      "cancel_undo_until": "2026-02-27T16:05:11.143Z",
      "cooldown_until": "2026-03-02T00:18:24.586Z"
    }
  },
  {
    "model": "activity_register.activityregistration",
    "pk": 8,
    "fields": {
      "post": 8,
      "user": [
        "tast5@gmail.com"
      ],
      "prefix": "นางสาว",
      "first_name": "Thanyaporn",
      "last_name": "Bunsri",
      "nickname": "เดียร์",
      "birth_date": "2005-01-01",
      "gender": "หญิง",
      "current_address": "อำเภอกุดข้าวปุ้น จังหวัดอุบลราชธานี",
      "phone": "0971478523",
      "email": "tast5@gmail.com",
      "contact_channel": "FB : Thanyaporn Bunsri",
      "chronic_disease": "-",
      "food_allergy": "-",
      "drug_allergy": "-",
      "field_ability": "Y",
      "consent_personal_data": true,
      "consent_terms": true,
      "created_at": "2026-02-27T16:08:57.006Z",
      "status": "ACTIVE",
      "cancel_reason": "",
      "cancel_reason_other": "",
      "canceled_at": null,
      "cancel_undo_until": null,
      "cooldown_until": null
    }
  },
  {
    "model": "activity_register.activityregistration",
    "pk": 9,
    "fields": {
      "post": 8,
      "user": [
        "tast6@gmail.com"
      ],
      "prefix": "นาย",
      "first_name": "กิตติพงษ์",
      "last_name": "อุส่า",
      "nickname": "อาร์ม",
      "birth_date": "2004-01-01",
      "gender": "ชาย",
      "current_address": "ต.โพนงาม อำเภอพิบูรมังสาหาร จังหวัดอุบลราชธานี",
      "phone": "0614567891",
      "email": "tast6@gmail.com",
      "contact_channel": "FB : Kitti Pong",
      "chronic_disease": "-",
      "food_allergy": "-",
      "drug_allergy": "-",
      "field_ability": "Y",
      "consent_personal_data": true,
      "consent_terms": true,
      "created_at": "2026-02-27T18:02:26.880Z",
      "status": "ACTIVE",
      "cancel_reason": "",
      "cancel_reason_other": "",
      "canceled_at": null,
      "cancel_undo_until": null,
      "cooldown_until": null
    }
  },
  {
    "model": "activity_register.activityregistration",
    "pk": 10,
    "fields": {
      "post": 8,
      "user": [
        "tast3@gmail.com"
      ],
      "prefix": "นางสาว",
      "first_name": "แก้วตา",
      "last_name": "ดวงใจ",
      "nickname": "มาย",
      "birth_date": "2026-02-12",
      "gender": "หญิง",
      "current_address": "อุบลราชธานี",
      "phone": "0614587963",
      "email": "tast3@gmail.com",
      "contact_channel": "FB : kaewta",
      "chronic_disease": "-",
      "food_allergy": "-",
      "drug_allergy": "-",
      "field_ability": "Y",
      "consent_personal_data": true,
      "consent_terms": true,
      "created_at": "2026-02-27T18:04:51.754Z",
      "status": "CANCEL_PENDING",
      "cancel_reason": "HEALTH",
      "cancel_reason_other": "",
      "canceled_at": "2026-02-27T18:05:05.978Z",
      "cancel_undo_until": "2026-02-27T18:10:05.978Z",
      "cooldown_until": null
    }
  },
  {
    "model": "activity_register.activityregistration",
    "pk": 11,
    "fields": {
      "post": 8,
      "user": [
        "tast7@gmail.com"
      ],
      "prefix": "นางสาว",
      "first_name": "วรางคณา",
      "last_name": "ใจเพียร",
      "nickname": "เน็ต",
      "birth_date": "2004-01-01",
      "gender": "หญิง",
      "current_address": "ดอนมดแดง อำเภอดอนมดแดง จังหวัดอุบลราชธาธี",
      "phone": "0687945658",
      "email": "tast7@gmail.com",
      "contact_channel": "FB : ibunet",
      "chronic_disease": "-",
      "food_allergy": "-",
      "drug_allergy": "-",
      "field_ability": "Y",
      "consent_personal_data": true,
      "consent_terms": true,
      "created_at": "2026-02-27T18:05:36.536Z",
      "status": "ACTIVE",
      "cancel_reason": "",
      "cancel_reason_other": "",
      "canceled_at": null,
      "cancel_undo_until": null,
      "cooldown_until": null
    }
  },
  {
    "model": "activity_register.activityregistration",
    "pk": 12,
    "fields": {
      "post": 13,
      "user": [
        "tast1@gmail.com"
      ],
      "prefix": "นาย",
      "first_name": "Pansak",
      "last_name": "Patsaman",
      "nickname": "แบงค์",
      "birth_date": "2004-01-01",
      "gender": "ชาย",
      "current_address": "วารินชำราบ จังหวัดอุบลราชธานี",
      "phone": "0947894562",
      "email": "tast1@gmail.com",
      "contact_channel": "FB : Pansak Patsaman",
      "chronic_disease": "-",
      "food_allergy": "-",
      "drug_allergy": "-",
      "field_ability": "Y",
      "consent_personal_data": true,
      "consent_terms": true,
      "created_at": "2026-03-02T00:38:09.339Z",
      "status": "ACTIVE",
      "cancel_reason": "",
      "cancel_reason_other": "",
      "canceled_at": null,
      "cancel_undo_until": null,
      "cooldown_until": null
    }
  },
  {
    "model": "activity_register.activityregistration",
    "pk": 13,
    "fields": {
      "post": 46,
      "user": [
        "tast6@gmail.com"
      ],
      "prefix": "นาย",
      "first_name": "กิตติพงษ์",
      "last_name": "อุส่า",
      "nickname": "อาร์ม",
      "birth_date": "2004-01-01",
      "gender": "ชาย",
      "current_address": "ต.โพนงาม อำเภอพิบูรมังสาหาร จังหวัดอุบลราชธานี",
      "phone": "0614567891",
      "email": "tast6@gmail.com",
      "contact_channel": "FB : Kitti Pong",
      "chronic_disease": "-",
      "food_allergy": "-",
      "drug_allergy": "-",
      "field_ability": "Y",
      "consent_personal_data": true,
      "consent_terms": true,
      "created_at": "2026-03-07T23:37:11.781Z",
      "status": "ACTIVE",
      "cancel_reason": "",
      "cancel_reason_other": "",
      "canceled_at": null,
      "cancel_undo_until": null,
      "cooldown_until": null
    }
  },
  {
    "model": "activity_register.activityreview",
    "pk": 1,
    "fields": {
      "post": 2,
      "user": [
        "tast1@gmail.com"
      ],
      "rating": 0,
      "comment": "",
      "image1": "",
      "image2": "",
      "created_at": "2026-02-21T15:44:17.608Z",
      "updated_at": "2026-02-21T15:44:17.608Z"
    }
  },
  {
    "model": "activity_register.activityreview",
    "pk": 3,
    "fields": {
      "post": 3,
      "user": [
        "tast1@gmail.com"
      ],
      "rating": 5,
      "comment": "",
      "image1": "review_images/Gemini_Generated_Image_7c9ggz7c9ggz7c9g_3.png",
      "image2": "",
      "created_at": "2026-02-21T15:59:52.230Z",
      "updated_at": "2026-03-02T00:15:38.347Z"
    }
  },
  {
    "model": "activity_register.activityreview",
    "pk": 4,
    "fields": {
      "post": 1,
      "user": [
        "tast1@gmail.com"
      ],
      "rating": 0,
      "comment": "",
      "image1": "",
      "image2": "",
      "created_at": "2026-02-21T16:05:42.969Z",
      "updated_at": "2026-02-21T16:05:42.969Z"
    }
  },
  {
    "model": "activity_register.activityreview",
    "pk": 5,
    "fields": {
      "post": 8,
      "user": [
        "tast1@gmail.com"
      ],
      "rating": 5,
      "comment": "ดีมากค่ะ",
      "image1": "review_images/Gemini_Generated_Image_7c9ggz7c9ggz7c9g_3_lfEFngR.png",
      "image2": "",
      "created_at": "2026-03-02T00:40:58.270Z",
      "updated_at": "2026-03-02T00:41:08.803Z"
    }
  },
  {
    "model": "chat.chatroom",
    "pk": 1,
    "fields": {
      "room_type": "GROUP",
      "name": "Melody Of Winter",
      "post": 1,
      "created_by": [
        "kanyarat.bua.66@ubu.ac.th"
      ],
      "created_at": "2026-02-19T17:12:18.429Z"
    }
  },
  {
    "model": "chat.chatroom",
    "pk": 2,
    "fields": {
      "room_type": "GROUP",
      "name": "รับลมชมหนัง",
      "post": 2,
      "created_by": [
        "kanyarat.buachum7516@gmail.com"
      ],
      "created_at": "2026-02-19T17:18:53.538Z"
    }
  },
  {
    "model": "chat.chatroom",
    "pk": 3,
    "fields": {
      "room_type": "DM",
      "name": "ข้อความส่วนตัว",
      "post": null,
      "created_by": [
        "tast2@gmail.com"
      ],
      "created_at": "2026-02-20T20:32:55.758Z"
    }
  },
  {
    "model": "chat.chatroom",
    "pk": 7,
    "fields": {
      "room_type": "GROUP",
      "name": "ทดสอบการยกเลิก",
      "post": 10,
      "created_by": [
        "tast1@gmail.com"
      ],
      "created_at": "2026-02-23T18:00:50.931Z"
    }
  },
  {
    "model": "chat.chatroom",
    "pk": 8,
    "fields": {
      "room_type": "DM",
      "name": "ข้อความส่วนตัว",
      "post": null,
      "created_by": [
        "tast1@gmail.com"
      ],
      "created_at": "2026-02-23T20:59:36.899Z"
    }
  },
  {
    "model": "chat.chatroom",
    "pk": 9,
    "fields": {
      "room_type": "DM",
      "name": "ข้อความส่วนตัว",
      "post": null,
      "created_by": [
        "tast2@gmail.com"
      ],
      "created_at": "2026-02-26T18:02:01.275Z"
    }
  },
  {
    "model": "chat.chatroom",
    "pk": 10,
    "fields": {
      "room_type": "DM",
      "name": "ข้อความส่วนตัว",
      "post": null,
      "created_by": [
        "tast2@gmail.com"
      ],
      "created_at": "2026-02-26T18:02:16.356Z"
    }
  },
  {
    "model": "chat.chatroom",
    "pk": 11,
    "fields": {
      "room_type": "GROUP",
      "name": "กิจกรรมเพื่อน้อง",
      "post": 8,
      "created_by": [
        "tast2@gmail.com"
      ],
      "created_at": "2026-02-26T18:07:13.438Z"
    }
  },
  {
    "model": "chat.chatroom",
    "pk": 12,
    "fields": {
      "room_type": "DM",
      "name": "ข้อความส่วนตัว",
      "post": null,
      "created_by": [
        "tast1@gmail.com"
      ],
      "created_at": "2026-02-26T18:07:33.005Z"
    }
  },
  {
    "model": "chat.chatroom",
    "pk": 13,
    "fields": {
      "room_type": "GROUP",
      "name": "การสร้างแชต",
      "post": 11,
      "created_by": [
        "tast2@gmail.com"
      ],
      "created_at": "2026-02-27T15:55:55.379Z"
    }
  },
  {
    "model": "chat.chatroom",
    "pk": 14,
    "fields": {
      "room_type": "DM",
      "name": "ข้อความส่วนตัว",
      "post": null,
      "created_by": [
        "tast5@gmail.com"
      ],
      "created_at": "2026-02-27T18:56:14.667Z"
    }
  },
  {
    "model": "chat.chatroom",
    "pk": 15,
    "fields": {
      "room_type": "GROUP",
      "name": "ทดสอบ",
      "post": 12,
      "created_by": [
        "tast2@gmail.com"
      ],
      "created_at": "2026-03-01T16:34:14.574Z"
    }
  },
  {
    "model": "chat.chatroom",
    "pk": 16,
    "fields": {
      "room_type": "GROUP",
      "name": "จัดพื้นที่สร้างสรรค์ในชุมชน",
      "post": 13,
      "created_by": [
        "tast4@gmail.com"
      ],
      "created_at": "2026-03-01T18:07:46.622Z"
    }
  },
  {
    "model": "chat.chatroom",
    "pk": 17,
    "fields": {
      "room_type": "GROUP",
      "name": "โปสการ์ด ห่วงใย กลับบ้านปลอดภัย หลังปีใหม่กลับ ม. มาเจอกัน",
      "post": 16,
      "created_by": [
        "tast5@gmail.com"
      ],
      "created_at": "2026-03-07T19:48:15.735Z"
    }
  },
  {
    "model": "chat.chatroom",
    "pk": 18,
    "fields": {
      "room_type": "GROUP",
      "name": "ตามรอยนิทาน ‘กินข้าวป่า‘",
      "post": 17,
      "created_by": [
        "tast2@gmail.com"
      ],
      "created_at": "2026-03-07T19:58:46.649Z"
    }
  },
  {
    "model": "chat.chatroom",
    "pk": 19,
    "fields": {
      "room_type": "GROUP",
      "name": "ร่วมบริจาคสิ่งของสถานการณ์ชายแดนไทย-กัมพูชา",
      "post": 19,
      "created_by": [
        "tast21@gmail.com"
      ],
      "created_at": "2026-03-07T20:06:22.747Z"
    }
  },
  {
    "model": "chat.chatroom",
    "pk": 20,
    "fields": {
      "room_type": "GROUP",
      "name": "เปิดรับการบริจาคของเล่นและจัดซื้อของเล่นเพื่อทำสนามเด็กเล่น แบบเคลื่อนที่ได้",
      "post": 20,
      "created_by": [
        "tast21@gmail.com"
      ],
      "created_at": "2026-03-07T20:12:24.915Z"
    }
  },
  {
    "model": "chat.chatroom",
    "pk": 21,
    "fields": {
      "room_type": "GROUP",
      "name": "ระดมสิ่งของและของเล่นที่ได้รับการสนับสนุนจากผู้ใหญ่ใจดีเอาไปให้น้องๆในพื้นที่ จังหวัดอุบลราชธานี  ศรีสะเกษ สุรินทร์ และบุรีรัมย์",
      "post": 21,
      "created_by": [
        "tast2@gmail.com"
      ],
      "created_at": "2026-03-07T20:16:04.254Z"
    }
  },
  {
    "model": "chat.chatroom",
    "pk": 22,
    "fields": {
      "room_type": "GROUP",
      "name": "เปิดไฟให้ดาว",
      "post": 23,
      "created_by": [
        "tast2@gmail.com"
      ],
      "created_at": "2026-03-07T20:32:31.005Z"
    }
  },
  {
    "model": "chat.chatroom",
    "pk": 23,
    "fields": {
      "room_type": "GROUP",
      "name": "เด็กดั่งดวงดาว",
      "post": 24,
      "created_by": [
        "tast2@gmail.com"
      ],
      "created_at": "2026-03-07T20:35:21.383Z"
    }
  },
  {
    "model": "chat.chatroom",
    "pk": 24,
    "fields": {
      "room_type": "GROUP",
      "name": "น้ำท่วมภาคใต้",
      "post": 25,
      "created_by": [
        "tast2@gmail.com"
      ],
      "created_at": "2026-03-07T20:57:14.706Z"
    }
  },
  {
    "model": "chat.chatroom",
    "pk": 25,
    "fields": {
      "room_type": "GROUP",
      "name": "น้ำท่วมภาคเหนือ",
      "post": 29,
      "created_by": [
        "tast2@gmail.com"
      ],
      "created_at": "2026-03-07T21:07:57.582Z"
    }
  },
  {
    "model": "chat.chatroom",
    "pk": 26,
    "fields": {
      "room_type": "GROUP",
      "name": "ชวนแต่งตัวตามพื้นที",
      "post": 31,
      "created_by": [
        "kanyarat.bua.66@ubu.ac.th"
      ],
      "created_at": "2026-03-07T21:30:38.177Z"
    }
  },
  {
    "model": "chat.chatroom",
    "pk": 27,
    "fields": {
      "room_type": "GROUP",
      "name": "ตุลา  พาน้องเรียนรู้",
      "post": 32,
      "created_by": [
        "tast5@gmail.com"
      ],
      "created_at": "2026-03-07T21:33:55.237Z"
    }
  },
  {
    "model": "chat.chatroom",
    "pk": 28,
    "fields": {
      "room_type": "GROUP",
      "name": "กิจกรรม “รวมพลังอาสา พัฒนาชุมชนสะอาด”",
      "post": 33,
      "created_by": [
        "tast7@gmail.com"
      ],
      "created_at": "2026-03-07T21:45:56.896Z"
    }
  },
  {
    "model": "chat.chatroom",
    "pk": 29,
    "fields": {
      "room_type": "GROUP",
      "name": "กิจกรรม “อาสาพัฒนาพื้นที่เรียนรู้ของชุมชน”",
      "post": 34,
      "created_by": [
        "tast7@gmail.com"
      ],
      "created_at": "2026-03-07T21:48:08.475Z"
    }
  },
  {
    "model": "chat.chatroom",
    "pk": 30,
    "fields": {
      "room_type": "GROUP",
      "name": "โครงการธรรมศาสตร์ช้างเผือก",
      "post": 35,
      "created_by": [
        "tast7@gmail.com"
      ],
      "created_at": "2026-03-07T21:51:17.530Z"
    }
  },
  {
    "model": "chat.chatroom",
    "pk": 31,
    "fields": {
      "room_type": "GROUP",
      "name": "ชม หนังใหญ่ไฟกะลา",
      "post": 36,
      "created_by": [
        "tast10@gmail.com"
      ],
      "created_at": "2026-03-07T22:00:31.948Z"
    }
  },
  {
    "model": "chat.chatroom",
    "pk": 32,
    "fields": {
      "room_type": "GROUP",
      "name": "กิจกรรม “สร้างเว็บไซต์เพื่อชุมชน”",
      "post": 37,
      "created_by": [
        "tast10@gmail.com"
      ],
      "created_at": "2026-03-07T22:11:55.404Z"
    }
  },
  {
    "model": "chat.chatroom",
    "pk": 33,
    "fields": {
      "room_type": "GROUP",
      "name": "กิจกรรม “สื่อสร้างสรรค์เพื่อรณรงค์สังคม”",
      "post": 38,
      "created_by": [
        "tast10@gmail.com"
      ],
      "created_at": "2026-03-07T22:14:10.299Z"
    }
  },
  {
    "model": "chat.chatroom",
    "pk": 34,
    "fields": {
      "room_type": "GROUP",
      "name": "กิจกรรม “สอนผู้สูงอายุใช้สมาร์ตโฟนอย่างปลอดภัย”",
      "post": 39,
      "created_by": [
        "tast10@gmail.com"
      ],
      "created_at": "2026-03-07T22:20:14.912Z"
    }
  },
  {
    "model": "chat.chatroom",
    "pk": 35,
    "fields": {
      "room_type": "GROUP",
      "name": "กิจกรรม “Digital Storytelling ชุมชนของเรา”",
      "post": 40,
      "created_by": [
        "tast10@gmail.com"
      ],
      "created_at": "2026-03-07T22:24:30.028Z"
    }
  },
  {
    "model": "chat.chatroom",
    "pk": 36,
    "fields": {
      "room_type": "GROUP",
      "name": "กิจกรรมค่ายเสริมทักษะภาษาอังกฤษเพื่อการสื่อสาร",
      "post": 41,
      "created_by": [
        "tast10@gmail.com"
      ],
      "created_at": "2026-03-07T22:36:00.686Z"
    }
  },
  {
    "model": "chat.chatroom",
    "pk": 37,
    "fields": {
      "room_type": "GROUP",
      "name": "กิจกรรมติวเตอร์สอนน้องเตรียมสอบ O-NET",
      "post": 42,
      "created_by": [
        "tast10@gmail.com"
      ],
      "created_at": "2026-03-07T22:38:27.308Z"
    }
  },
  {
    "model": "chat.chatroom",
    "pk": 38,
    "fields": {
      "room_type": "GROUP",
      "name": "กิจกรรมห้องสมุดเคลื่อนที่สู่ชุมชน",
      "post": 43,
      "created_by": [
        "tast11@gmail.com"
      ],
      "created_at": "2026-03-07T22:42:47.753Z"
    }
  },
  {
    "model": "chat.chatroom",
    "pk": 39,
    "fields": {
      "room_type": "GROUP",
      "name": "กิจกรรมปลูกป่าชายเลน รักษ์ทะเลสู่ชุมชน",
      "post": 44,
      "created_by": [
        "tast11@gmail.com"
      ],
      "created_at": "2026-03-07T22:48:41.931Z"
    }
  },
  {
    "model": "chat.chatroom",
    "pk": 40,
    "fields": {
      "room_type": "GROUP",
      "name": "กิจกรรมเดิน–วิ่งเพื่อสุขภาพ “สุขภาพดีเริ่มที่ก้าวแรก”",
      "post": 45,
      "created_by": [
        "tast10@gmail.com"
      ],
      "created_at": "2026-03-07T22:58:20.133Z"
    }
  },
  {
    "model": "chat.chatroom",
    "pk": 41,
    "fields": {
      "room_type": "GROUP",
      "name": "กิจกรรมโยคะยามเช้าเพื่อสุขภาพกายและใจ",
      "post": 46,
      "created_by": [
        "tast1@gmail.com"
      ],
      "created_at": "2026-03-07T23:20:39.525Z"
    }
  },
  {
    "model": "chat.chatroom",
    "pk": 42,
    "fields": {
      "room_type": "GROUP",
      "name": "กิจกรรมอาสาดูแลสัตว์ป่าบาดเจ็บ",
      "post": 48,
      "created_by": [
        "tast6@gmail.com"
      ],
      "created_at": "2026-03-07T23:27:40.451Z"
    }
  },
  {
    "model": "chat.chatroom",
    "pk": 43,
    "fields": {
      "room_type": "GROUP",
      "name": "กิจกรรมสำรวจสัตว์น้ำในระบบนิเวศลำคลอง",
      "post": 49,
      "created_by": [
        "tast6@gmail.com"
      ],
      "created_at": "2026-03-07T23:29:57.835Z"
    }
  },
  {
    "model": "chat.chatroom",
    "pk": 44,
    "fields": {
      "room_type": "GROUP",
      "name": "กิจกรรมเรียนรู้ชีวิตผึ้งและการเลี้ยงผึ้งพื้นบ้าน",
      "post": 50,
      "created_by": [
        "tast7@gmail.com"
      ],
      "created_at": "2026-03-07T23:32:40.583Z"
    }
  },
  {
    "model": "chat.chatmembership",
    "pk": 1,
    "fields": {
      "room": 1,
      "user": [
        "kanyarat.bua.66@ubu.ac.th"
      ],
      "is_admin": true,
      "joined_at": "2026-02-19T17:12:18.439Z"
    }
  },
  {
    "model": "chat.chatmembership",
    "pk": 2,
    "fields": {
      "room": 2,
      "user": [
        "kanyarat.buachum7516@gmail.com"
      ],
      "is_admin": true,
      "joined_at": "2026-02-19T17:18:53.546Z"
    }
  },
  {
    "model": "chat.chatmembership",
    "pk": 3,
    "fields": {
      "room": 3,
      "user": [
        "tast2@gmail.com"
      ],
      "is_admin": false,
      "joined_at": "2026-02-20T20:32:55.768Z"
    }
  },
  {
    "model": "chat.chatmembership",
    "pk": 4,
    "fields": {
      "room": 3,
      "user": [
        "kanyarat.buachum7516@gmail.com"
      ],
      "is_admin": false,
      "joined_at": "2026-02-20T20:32:55.768Z"
    }
  },
  {
    "model": "chat.chatmembership",
    "pk": 10,
    "fields": {
      "room": 7,
      "user": [
        "tast3@gmail.com"
      ],
      "is_admin": false,
      "joined_at": "2026-02-23T18:13:17.916Z"
    }
  },
  {
    "model": "chat.chatmembership",
    "pk": 12,
    "fields": {
      "room": 8,
      "user": [
        "tast1@gmail.com"
      ],
      "is_admin": false,
      "joined_at": "2026-02-23T20:59:36.906Z"
    }
  },
  {
    "model": "chat.chatmembership",
    "pk": 13,
    "fields": {
      "room": 8,
      "user": [
        "tast2@gmail.com"
      ],
      "is_admin": false,
      "joined_at": "2026-02-23T20:59:36.906Z"
    }
  },
  {
    "model": "chat.chatmembership",
    "pk": 15,
    "fields": {
      "room": 9,
      "user": [
        "kanyarat.bua.66@ubu.ac.th"
      ],
      "is_admin": false,
      "joined_at": "2026-02-26T18:02:01.281Z"
    }
  },
  {
    "model": "chat.chatmembership",
    "pk": 16,
    "fields": {
      "room": 10,
      "user": [
        "tast2@gmail.com"
      ],
      "is_admin": false,
      "joined_at": "2026-02-26T18:02:16.363Z"
    }
  },
  {
    "model": "chat.chatmembership",
    "pk": 17,
    "fields": {
      "room": 10,
      "user": [
        "kanyarat.bua.66@ubu.ac.th"
      ],
      "is_admin": false,
      "joined_at": "2026-02-26T18:02:16.363Z"
    }
  },
  {
    "model": "chat.chatmembership",
    "pk": 18,
    "fields": {
      "room": 11,
      "user": [
        "tast1@gmail.com"
      ],
      "is_admin": false,
      "joined_at": "2026-02-26T18:07:13.446Z"
    }
  },
  {
    "model": "chat.chatmembership",
    "pk": 19,
    "fields": {
      "room": 12,
      "user": [
        "tast1@gmail.com"
      ],
      "is_admin": false,
      "joined_at": "2026-02-26T18:07:33.012Z"
    }
  },
  {
    "model": "chat.chatmembership",
    "pk": 20,
    "fields": {
      "room": 12,
      "user": [
        "kanyarat.bua.66@ubu.ac.th"
      ],
      "is_admin": false,
      "joined_at": "2026-02-26T18:07:33.012Z"
    }
  },
  {
    "model": "chat.chatmembership",
    "pk": 21,
    "fields": {
      "room": 13,
      "user": [
        "tast2@gmail.com"
      ],
      "is_admin": true,
      "joined_at": "2026-02-27T15:55:55.390Z"
    }
  },
  {
    "model": "chat.chatmembership",
    "pk": 22,
    "fields": {
      "room": 11,
      "user": [
        "tast2@gmail.com"
      ],
      "is_admin": false,
      "joined_at": "2026-02-27T15:59:48.912Z"
    }
  },
  {
    "model": "chat.chatmembership",
    "pk": 23,
    "fields": {
      "room": 11,
      "user": [
        "tast5@gmail.com"
      ],
      "is_admin": false,
      "joined_at": "2026-02-27T16:08:57.030Z"
    }
  },
  {
    "model": "chat.chatmembership",
    "pk": 24,
    "fields": {
      "room": 11,
      "user": [
        "tast6@gmail.com"
      ],
      "is_admin": false,
      "joined_at": "2026-02-27T18:02:26.909Z"
    }
  },
  {
    "model": "chat.chatmembership",
    "pk": 25,
    "fields": {
      "room": 11,
      "user": [
        "tast3@gmail.com"
      ],
      "is_admin": false,
      "joined_at": "2026-02-27T18:04:51.771Z"
    }
  },
  {
    "model": "chat.chatmembership",
    "pk": 26,
    "fields": {
      "room": 11,
      "user": [
        "tast7@gmail.com"
      ],
      "is_admin": false,
      "joined_at": "2026-02-27T18:05:36.556Z"
    }
  },
  {
    "model": "chat.chatmembership",
    "pk": 27,
    "fields": {
      "room": 14,
      "user": [
        "tast5@gmail.com"
      ],
      "is_admin": false,
      "joined_at": "2026-02-27T18:56:14.674Z"
    }
  },
  {
    "model": "chat.chatmembership",
    "pk": 28,
    "fields": {
      "room": 14,
      "user": [
        "tast7@gmail.com"
      ],
      "is_admin": false,
      "joined_at": "2026-02-27T18:56:14.674Z"
    }
  },
  {
    "model": "chat.chatmembership",
    "pk": 29,
    "fields": {
      "room": 15,
      "user": [
        "tast2@gmail.com"
      ],
      "is_admin": true,
      "joined_at": "2026-03-01T16:34:14.578Z"
    }
  },
  {
    "model": "chat.chatmembership",
    "pk": 30,
    "fields": {
      "room": 16,
      "user": [
        "tast4@gmail.com"
      ],
      "is_admin": true,
      "joined_at": "2026-03-01T18:07:46.630Z"
    }
  },
  {
    "model": "chat.chatmembership",
    "pk": 31,
    "fields": {
      "room": 16,
      "user": [
        "tast1@gmail.com"
      ],
      "is_admin": false,
      "joined_at": "2026-03-02T00:38:09.381Z"
    }
  },
  {
    "model": "chat.chatmembership",
    "pk": 32,
    "fields": {
      "room": 17,
      "user": [
        "tast5@gmail.com"
      ],
      "is_admin": true,
      "joined_at": "2026-03-07T19:48:15.748Z"
    }
  },
  {
    "model": "chat.chatmembership",
    "pk": 33,
    "fields": {
      "room": 18,
      "user": [
        "tast2@gmail.com"
      ],
      "is_admin": true,
      "joined_at": "2026-03-07T19:58:46.657Z"
    }
  },
  {
    "model": "chat.chatmembership",
    "pk": 34,
    "fields": {
      "room": 19,
      "user": [
        "tast21@gmail.com"
      ],
      "is_admin": true,
      "joined_at": "2026-03-07T20:06:22.756Z"
    }
  },
  {
    "model": "chat.chatmembership",
    "pk": 35,
    "fields": {
      "room": 20,
      "user": [
        "tast21@gmail.com"
      ],
      "is_admin": true,
      "joined_at": "2026-03-07T20:12:24.921Z"
    }
  },
  {
    "model": "chat.chatmembership",
    "pk": 36,
    "fields": {
      "room": 21,
      "user": [
        "tast2@gmail.com"
      ],
      "is_admin": true,
      "joined_at": "2026-03-07T20:16:04.261Z"
    }
  },
  {
    "model": "chat.chatmembership",
    "pk": 37,
    "fields": {
      "room": 22,
      "user": [
        "tast2@gmail.com"
      ],
      "is_admin": true,
      "joined_at": "2026-03-07T20:32:31.011Z"
    }
  },
  {
    "model": "chat.chatmembership",
    "pk": 38,
    "fields": {
      "room": 23,
      "user": [
        "tast2@gmail.com"
      ],
      "is_admin": true,
      "joined_at": "2026-03-07T20:35:21.388Z"
    }
  },
  {
    "model": "chat.chatmembership",
    "pk": 39,
    "fields": {
      "room": 24,
      "user": [
        "tast2@gmail.com"
      ],
      "is_admin": true,
      "joined_at": "2026-03-07T20:57:14.716Z"
    }
  },
  {
    "model": "chat.chatmembership",
    "pk": 40,
    "fields": {
      "room": 25,
      "user": [
        "tast2@gmail.com"
      ],
      "is_admin": true,
      "joined_at": "2026-03-07T21:07:57.590Z"
    }
  },
  {
    "model": "chat.chatmembership",
    "pk": 41,
    "fields": {
      "room": 26,
      "user": [
        "kanyarat.bua.66@ubu.ac.th"
      ],
      "is_admin": true,
      "joined_at": "2026-03-07T21:30:38.185Z"
    }
  },
  {
    "model": "chat.chatmembership",
    "pk": 42,
    "fields": {
      "room": 27,
      "user": [
        "tast5@gmail.com"
      ],
      "is_admin": true,
      "joined_at": "2026-03-07T21:33:55.245Z"
    }
  },
  {
    "model": "chat.chatmembership",
    "pk": 43,
    "fields": {
      "room": 28,
      "user": [
        "tast7@gmail.com"
      ],
      "is_admin": true,
      "joined_at": "2026-03-07T21:45:56.903Z"
    }
  },
  {
    "model": "chat.chatmembership",
    "pk": 44,
    "fields": {
      "room": 29,
      "user": [
        "tast7@gmail.com"
      ],
      "is_admin": true,
      "joined_at": "2026-03-07T21:48:08.483Z"
    }
  },
  {
    "model": "chat.chatmembership",
    "pk": 45,
    "fields": {
      "room": 30,
      "user": [
        "tast7@gmail.com"
      ],
      "is_admin": true,
      "joined_at": "2026-03-07T21:51:17.535Z"
    }
  },
  {
    "model": "chat.chatmembership",
    "pk": 46,
    "fields": {
      "room": 31,
      "user": [
        "tast10@gmail.com"
      ],
      "is_admin": true,
      "joined_at": "2026-03-07T22:00:31.955Z"
    }
  },
  {
    "model": "chat.chatmembership",
    "pk": 47,
    "fields": {
      "room": 32,
      "user": [
        "tast10@gmail.com"
      ],
      "is_admin": true,
      "joined_at": "2026-03-07T22:11:55.412Z"
    }
  },
  {
    "model": "chat.chatmembership",
    "pk": 48,
    "fields": {
      "room": 33,
      "user": [
        "tast10@gmail.com"
      ],
      "is_admin": true,
      "joined_at": "2026-03-07T22:14:10.308Z"
    }
  },
  {
    "model": "chat.chatmembership",
    "pk": 49,
    "fields": {
      "room": 34,
      "user": [
        "tast10@gmail.com"
      ],
      "is_admin": true,
      "joined_at": "2026-03-07T22:20:14.917Z"
    }
  },
  {
    "model": "chat.chatmembership",
    "pk": 50,
    "fields": {
      "room": 35,
      "user": [
        "tast10@gmail.com"
      ],
      "is_admin": true,
      "joined_at": "2026-03-07T22:24:30.034Z"
    }
  },
  {
    "model": "chat.chatmembership",
    "pk": 51,
    "fields": {
      "room": 36,
      "user": [
        "tast10@gmail.com"
      ],
      "is_admin": true,
      "joined_at": "2026-03-07T22:36:00.694Z"
    }
  },
  {
    "model": "chat.chatmembership",
    "pk": 52,
    "fields": {
      "room": 37,
      "user": [
        "tast10@gmail.com"
      ],
      "is_admin": true,
      "joined_at": "2026-03-07T22:38:27.314Z"
    }
  },
  {
    "model": "chat.chatmembership",
    "pk": 53,
    "fields": {
      "room": 38,
      "user": [
        "tast11@gmail.com"
      ],
      "is_admin": true,
      "joined_at": "2026-03-07T22:42:47.759Z"
    }
  },
  {
    "model": "chat.chatmembership",
    "pk": 54,
    "fields": {
      "room": 39,
      "user": [
        "tast11@gmail.com"
      ],
      "is_admin": true,
      "joined_at": "2026-03-07T22:48:41.936Z"
    }
  },
  {
    "model": "chat.chatmembership",
    "pk": 55,
    "fields": {
      "room": 40,
      "user": [
        "tast10@gmail.com"
      ],
      "is_admin": true,
      "joined_at": "2026-03-07T22:58:20.153Z"
    }
  },
  {
    "model": "chat.chatmembership",
    "pk": 56,
    "fields": {
      "room": 41,
      "user": [
        "tast1@gmail.com"
      ],
      "is_admin": true,
      "joined_at": "2026-03-07T23:20:39.531Z"
    }
  },
  {
    "model": "chat.chatmembership",
    "pk": 57,
    "fields": {
      "room": 42,
      "user": [
        "tast6@gmail.com"
      ],
      "is_admin": true,
      "joined_at": "2026-03-07T23:27:40.458Z"
    }
  },
  {
    "model": "chat.chatmembership",
    "pk": 58,
    "fields": {
      "room": 43,
      "user": [
        "tast6@gmail.com"
      ],
      "is_admin": true,
      "joined_at": "2026-03-07T23:29:57.841Z"
    }
  },
  {
    "model": "chat.chatmembership",
    "pk": 59,
    "fields": {
      "room": 44,
      "user": [
        "tast7@gmail.com"
      ],
      "is_admin": true,
      "joined_at": "2026-03-07T23:32:40.590Z"
    }
  },
  {
    "model": "chat.chatmembership",
    "pk": 60,
    "fields": {
      "room": 41,
      "user": [
        "tast6@gmail.com"
      ],
      "is_admin": false,
      "joined_at": "2026-03-07T23:37:11.801Z"
    }
  },
  {
    "model": "chat.chatmessage",
    "pk": 1,
    "fields": {
      "room": 3,
      "sender": [
        "tast2@gmail.com"
      ],
      "content": "สวัสดีค่ะ",
      "attachment": "",
      "created_at": "2026-02-20T20:33:01.256Z",
      "is_read": false
    }
  },
  {
    "model": "chat.chatmessage",
    "pk": 40,
    "fields": {
      "room": 7,
      "sender": [
        "tast1@gmail.com"
      ],
      "content": "",
      "attachment": "chat_uploads/2026/02/เดกดอย_อคเลยม_6DaSeUL.jpg",
      "created_at": "2026-02-24T07:27:39.720Z",
      "is_read": false
    }
  },
  {
    "model": "chat.chatmessage",
    "pk": 41,
    "fields": {
      "room": 7,
      "sender": [
        "tast1@gmail.com"
      ],
      "content": "55",
      "attachment": "",
      "created_at": "2026-02-24T07:27:44.770Z",
      "is_read": false
    }
  },
  {
    "model": "chat.chatmessage",
    "pk": 42,
    "fields": {
      "room": 11,
      "sender": [
        "tast2@gmail.com"
      ],
      "content": "สวัสดีทักคนที่สมัครเข้าร่วมกิจกรรม เพื่อน้องนะคะ",
      "attachment": "",
      "created_at": "2026-02-27T16:02:16.096Z",
      "is_read": true
    }
  },
  {
    "model": "chat.chatmessage",
    "pk": 43,
    "fields": {
      "room": 11,
      "sender": [
        "tast2@gmail.com"
      ],
      "content": "",
      "attachment": "chat_uploads/2026/02/Gemini_Generated_Image_7c9ggz7c9ggz7c9g_YvRzKXs.png",
      "created_at": "2026-02-27T16:02:26.533Z",
      "is_read": true
    }
  },
  {
    "model": "chat.chatmessage",
    "pk": 44,
    "fields": {
      "room": 11,
      "sender": [
        "tast2@gmail.com"
      ],
      "content": "สำหรับกำหนดการทางเราอัพโหลดไว้ในหน้ากิจกรรมแล้วนะคะ ทุกท่านสามารถดูและดาวน์โหลดเก็บไว้ได้ค่ะ",
      "attachment": "",
      "created_at": "2026-02-27T16:03:16.798Z",
      "is_read": true
    }
  },
  {
    "model": "chat.chatmessage",
    "pk": 45,
    "fields": {
      "room": 11,
      "sender": [
        "tast2@gmail.com"
      ],
      "content": "หากใครมีข้อสงสัยสามารถสอบถามได้เลยนะคะ",
      "attachment": "",
      "created_at": "2026-02-27T16:03:33.569Z",
      "is_read": true
    }
  },
  {
    "model": "chat.chatmessage",
    "pk": 46,
    "fields": {
      "room": 11,
      "sender": [
        "tast1@gmail.com"
      ],
      "content": "เด็กๆมีประมาณกี่คนครับ",
      "attachment": "",
      "created_at": "2026-02-27T16:06:11.907Z",
      "is_read": true
    }
  },
  {
    "model": "chat.chatmessage",
    "pk": 47,
    "fields": {
      "room": 11,
      "sender": [
        "tast1@gmail.com"
      ],
      "content": "และเรานำของบริจาคไปให้กับเด็กๆได้ไหมครับ",
      "attachment": "",
      "created_at": "2026-02-27T16:06:31.845Z",
      "is_read": true
    }
  },
  {
    "model": "chat.chatmessage",
    "pk": 48,
    "fields": {
      "room": 11,
      "sender": [
        "tast1@gmail.com"
      ],
      "content": "พอดีมีเพื่อนๆสนใจช่วยน้องๆด้วยครับ",
      "attachment": "",
      "created_at": "2026-02-27T16:06:47.295Z",
      "is_read": true
    }
  },
  {
    "model": "chat.chatmessage",
    "pk": 49,
    "fields": {
      "room": 11,
      "sender": [
        "tast5@gmail.com"
      ],
      "content": "ถ้าไม่มีรถสามารถเดินทางไปได้ด้วยวิธีไหนบ้างคะ",
      "attachment": "",
      "created_at": "2026-02-27T16:09:26.239Z",
      "is_read": true
    }
  },
  {
    "model": "chat.chatmessage",
    "pk": 50,
    "fields": {
      "room": 11,
      "sender": [
        "tast2@gmail.com"
      ],
      "content": "เดินทางจากที่ไหนคะ",
      "attachment": "",
      "created_at": "2026-02-27T17:24:51.825Z",
      "is_read": true
    }
  },
  {
    "model": "chat.chatmessage",
    "pk": 51,
    "fields": {
      "room": 11,
      "sender": [
        "tast5@gmail.com"
      ],
      "content": "จากวารินค่ะ",
      "attachment": "",
      "created_at": "2026-02-27T17:36:28.538Z",
      "is_read": true
    }
  },
  {
    "model": "chat.chatmessage",
    "pk": 52,
    "fields": {
      "room": 11,
      "sender": [
        "tast2@gmail.com"
      ],
      "content": "สามารถนั่งรถแดงมาได้นะคะ",
      "attachment": "",
      "created_at": "2026-02-27T17:58:32.138Z",
      "is_read": true
    }
  },
  {
    "model": "chat.chatmessage",
    "pk": 53,
    "fields": {
      "room": 11,
      "sender": [
        "tast2@gmail.com"
      ],
      "content": "สะกวดไหมคะ",
      "attachment": "",
      "created_at": "2026-02-27T17:58:39.501Z",
      "is_read": true
    }
  },
  {
    "model": "chat.chatmessage",
    "pk": 54,
    "fields": {
      "room": 11,
      "sender": [
        "tast5@gmail.com"
      ],
      "content": "สะดวกค่ะ",
      "attachment": "",
      "created_at": "2026-02-27T18:15:01.109Z",
      "is_read": true
    }
  },
  {
    "model": "chat.chatmessage",
    "pk": 55,
    "fields": {
      "room": 11,
      "sender": [
        "tast5@gmail.com"
      ],
      "content": "ขอบคุณมากๆค่ะ",
      "attachment": "",
      "created_at": "2026-02-27T18:15:09.178Z",
      "is_read": true
    }
  },
  {
    "model": "chat.chatmessage",
    "pk": 56,
    "fields": {
      "room": 11,
      "sender": [
        "tast7@gmail.com"
      ],
      "content": "ไปพร้อมเค้าไหมคะเดี๋ยวเค้าทักหาส่วนตัวนะคะ",
      "attachment": "",
      "created_at": "2026-02-27T18:21:51.210Z",
      "is_read": true
    }
  },
  {
    "model": "chat.chatmessage",
    "pk": 57,
    "fields": {
      "room": 11,
      "sender": [
        "tast5@gmail.com"
      ],
      "content": "ได้ค่ะ",
      "attachment": "",
      "created_at": "2026-02-27T18:22:15.323Z",
      "is_read": true
    }
  },
  {
    "model": "chat.chatmessage",
    "pk": 58,
    "fields": {
      "room": 11,
      "sender": [
        "tast2@gmail.com"
      ],
      "content": "หากสนใจบริจาคของจะเป็นของที่เหมาะกับเด็กๆนะคะ แต่จะเป็นการให้ที่อื่นแทนค่ะ ทางเราสามารถประสานให้ได้ค่ะ",
      "attachment": "",
      "created_at": "2026-02-27T18:41:22.190Z",
      "is_read": true
    }
  },
  {
    "model": "chat.chatmessage",
    "pk": 59,
    "fields": {
      "room": 14,
      "sender": [
        "tast5@gmail.com"
      ],
      "content": "เค้าเดียร์นะคะ",
      "attachment": "",
      "created_at": "2026-02-27T18:56:23.269Z",
      "is_read": false
    }
  },
  {
    "model": "chat.chatmessage",
    "pk": 60,
    "fields": {
      "room": 14,
      "sender": [
        "tast5@gmail.com"
      ],
      "content": "เค้าเดียร์นะคะ",
      "attachment": "",
      "created_at": "2026-02-27T18:57:37.246Z",
      "is_read": false
    }
  },
  {
    "model": "chat.chatmessage",
    "pk": 61,
    "fields": {
      "room": 14,
      "sender": [
        "tast7@gmail.com"
      ],
      "content": "เค้าเน็ตค่ะ",
      "attachment": "",
      "created_at": "2026-02-27T18:57:57.523Z",
      "is_read": true
    }
  },
  {
    "model": "chat.chatmessage",
    "pk": 62,
    "fields": {
      "room": 14,
      "sender": [
        "tast7@gmail.com"
      ],
      "content": "ไปพร้อมเค้าได้นะคะ เค้าผ่านวารินตรงตลาดเจริญศรีค่ะ",
      "attachment": "",
      "created_at": "2026-02-27T18:58:16.830Z",
      "is_read": true
    }
  },
  {
    "model": "chat.chatmessage",
    "pk": 63,
    "fields": {
      "room": 14,
      "sender": [
        "tast5@gmail.com"
      ],
      "content": "ตัวเองจะออกมาประมาณกี่โมงคะ",
      "attachment": "",
      "created_at": "2026-02-27T18:58:57.181Z",
      "is_read": false
    }
  },
  {
    "model": "chat.chatmessage",
    "pk": 64,
    "fields": {
      "room": 14,
      "sender": [
        "tast5@gmail.com"
      ],
      "content": "เดี๋ยวเค้าออกไปรอ",
      "attachment": "",
      "created_at": "2026-02-27T18:59:17.558Z",
      "is_read": false
    }
  },
  {
    "model": "chat.chatmessage",
    "pk": 65,
    "fields": {
      "room": 14,
      "sender": [
        "tast7@gmail.com"
      ],
      "content": "8-9 โมงไหวไหมคะ",
      "attachment": "",
      "created_at": "2026-02-27T20:19:13.386Z",
      "is_read": true
    }
  },
  {
    "model": "chat.chatmessage",
    "pk": 66,
    "fields": {
      "room": 14,
      "sender": [
        "tast5@gmail.com"
      ],
      "content": "ได้ค่ะ",
      "attachment": "",
      "created_at": "2026-03-01T21:11:45.006Z",
      "is_read": false
    }
  },
  {
    "model": "chat.chatmessage",
    "pk": 67,
    "fields": {
      "room": 11,
      "sender": [
        "tast5@gmail.com"
      ],
      "content": "ตุ๊กตาบริจาคได้ไหมคะ",
      "attachment": "",
      "created_at": "2026-03-01T21:52:45.104Z",
      "is_read": true
    }
  },
  {
    "model": "chat.chatmessage",
    "pk": 68,
    "fields": {
      "room": 11,
      "sender": [
        "tast1@gmail.com"
      ],
      "content": "ของเล่นเลโก้ได้ไหมครับ",
      "attachment": "",
      "created_at": "2026-03-01T21:53:22.893Z",
      "is_read": true
    }
  },
  {
    "model": "chat.chatmessage",
    "pk": 69,
    "fields": {
      "room": 11,
      "sender": [
        "tast2@gmail.com"
      ],
      "content": "ได้ค่ะ",
      "attachment": "",
      "created_at": "2026-03-01T22:02:25.936Z",
      "is_read": true
    }
  },
  {
    "model": "chat.chatmessage",
    "pk": 70,
    "fields": {
      "room": 11,
      "sender": [
        "tast2@gmail.com"
      ],
      "content": "ให้ของอยู่ในสภาพที่ใช้งานได้ก็พอค่ะ",
      "attachment": "",
      "created_at": "2026-03-01T22:02:47.182Z",
      "is_read": true
    }
  },
  {
    "model": "chat.chatmessage",
    "pk": 71,
    "fields": {
      "room": 11,
      "sender": [
        "tast1@gmail.com"
      ],
      "content": "ขอบคุณครับ",
      "attachment": "",
      "created_at": "2026-03-02T00:12:35.401Z",
      "is_read": true
    }
  },
  {
    "model": "chat.chatmessage",
    "pk": 72,
    "fields": {
      "room": 11,
      "sender": [
        "tast1@gmail.com"
      ],
      "content": "สวัสดีครับ",
      "attachment": "",
      "created_at": "2026-03-02T00:39:11.784Z",
      "is_read": true
    }
  },
  {
    "model": "notifications.notification",
    "pk": 1,
    "fields": {
      "user": [
        "tast2@gmail.com"
      ],
      "post": 3,
      "kind": "OWNER_FULL",
      "title": "ทดสอบ",
      "message": "กิจกรรมของคุณเต็มแล้ว\nตอนนี้กิจกรรมเต็มแล้ว (สมัคร 1/1)",
      "link_url": "/post/3/",
      "trigger_date": "2026-02-20",
      "is_read": false,
      "created_at": "2026-02-20T15:30:37.376Z"
    }
  },
  {
    "model": "notifications.notification",
    "pk": 3,
    "fields": {
      "user": [
        "tast2@gmail.com"
      ],
      "post": 7,
      "kind": "OWNER_STATUS_REMINDER",
      "title": "ทดสอบ",
      "message": "อีก 2 วันกิจกรรมจะเริ่ม\nสถานะตอนนี้: ตอนนี้สมัครแล้ว 1/2 เหลือ 1 ที่",
      "link_url": "/post/7/",
      "trigger_date": "2026-02-24",
      "is_read": false,
      "created_at": "2026-02-21T17:00:00.975Z"
    }
  },
  {
    "model": "notifications.notification",
    "pk": 4,
    "fields": {
      "user": [
        "tast1@gmail.com"
      ],
      "post": 7,
      "kind": "REGISTER_REMINDER",
      "title": "ทดสอบ",
      "message": "กิจกรรมที่คุณสมัคร จะเริ่มในอีก 1 วัน\nตอนนี้สมัครแล้ว 1/2 เหลือ 1 ที่",
      "link_url": "/post/7/",
      "trigger_date": "2026-02-24",
      "is_read": true,
      "created_at": "2026-02-23T13:43:10.956Z"
    }
  },
  {
    "model": "notifications.notification",
    "pk": 5,
    "fields": {
      "user": [
        "tast1@gmail.com"
      ],
      "post": 9,
      "kind": "FOLLOWER_NEW_POST",
      "title": "ทดสอบการแจ้งเตือน",
      "message": "โครงการฮักบ้านเกิด ได้โพสต์กิจกรรมใหม่: \"ทดสอบการแจ้งเตือน\"",
      "link_url": "/post/9/",
      "trigger_date": "2026-02-23",
      "is_read": true,
      "created_at": "2026-02-23T15:05:20.445Z"
    }
  },
  {
    "model": "notifications.notification",
    "pk": 6,
    "fields": {
      "user": [
        "tast2@gmail.com"
      ],
      "post": 9,
      "kind": "POST_HIDDEN",
      "title": "ทดสอบการแจ้งเตือน",
      "message": "กิจกรรม \"ทดสอบการแจ้งเตือน\" ถูกซ่อนโดยผู้ดูแลระบบ",
      "link_url": "/post/9/",
      "trigger_date": "2026-02-23",
      "is_read": false,
      "created_at": "2026-02-23T16:23:28.679Z"
    }
  },
  {
    "model": "notifications.notification",
    "pk": 7,
    "fields": {
      "user": [
        "tast1@gmail.com"
      ],
      "post": 7,
      "kind": "POST_UPDATED",
      "title": "ทดสอบ",
      "message": "เจ้าของกิจกรรมได้แก้ไขโพสต์: สถานะการเปิดรับสมัคร\nกรุณาตรวจสอบรายละเอียดอีกครั้ง",
      "link_url": "/post/7/",
      "trigger_date": "2026-02-24",
      "is_read": true,
      "created_at": "2026-02-24T07:28:56.930Z"
    }
  },
  {
    "model": "notifications.notification",
    "pk": 8,
    "fields": {
      "user": [
        "tast1@gmail.com"
      ],
      "post": 10,
      "kind": "OWNER_FULL",
      "title": "ทดสอบการยกเลิก",
      "message": "กิจกรรมของคุณเต็มแล้ว\nตอนนี้กิจกรรมเต็มแล้ว (สมัคร 3/3)",
      "link_url": "/post/10/",
      "trigger_date": "2026-02-24",
      "is_read": true,
      "created_at": "2026-02-24T07:30:21.875Z"
    }
  },
  {
    "model": "notifications.notification",
    "pk": 9,
    "fields": {
      "user": [
        "tast1@gmail.com"
      ],
      "post": 10,
      "kind": "SYSTEM",
      "title": "ทดสอบการยกเลิก",
      "message": "มีผู้สมัครยกเลิกการเข้าร่วมกิจกรรม: Pansak Patsaman",
      "link_url": "/post/10/",
      "trigger_date": "2026-02-25",
      "is_read": true,
      "created_at": "2026-02-24T19:18:40.628Z"
    }
  },
  {
    "model": "notifications.notification",
    "pk": 10,
    "fields": {
      "user": [
        "tast3@gmail.com"
      ],
      "post": 10,
      "kind": "SAVED_REMINDER",
      "title": "ทดสอบการยกเลิก",
      "message": "กิจกรรมที่คุณจัดเก็บ จะเริ่มในอีก 3 วัน\nตอนนี้กิจกรรมเต็มแล้ว (สมัคร 3/3)",
      "link_url": "/post/10/",
      "trigger_date": "2026-02-28",
      "is_read": true,
      "created_at": "2026-02-24T21:07:26.335Z"
    }
  },
  {
    "model": "notifications.notification",
    "pk": 11,
    "fields": {
      "user": [
        "tast1@gmail.com"
      ],
      "post": 10,
      "kind": "OWNER_STATUS_REMINDER",
      "title": "ทดสอบการยกเลิก",
      "message": "อีก 2 วันกิจกรรมจะเริ่ม\nสถานะตอนนี้: ตอนนี้กิจกรรมเต็มแล้ว (สมัคร 3/3)",
      "link_url": "/post/10/",
      "trigger_date": "2026-02-28",
      "is_read": true,
      "created_at": "2026-02-26T08:43:57.749Z"
    }
  },
  {
    "model": "notifications.notification",
    "pk": 12,
    "fields": {
      "user": [
        "tast4@gmail.com"
      ],
      "post": 10,
      "kind": "POST_UPDATED",
      "title": "ทดสอบการยกเลิก",
      "message": "เจ้าของกิจกรรมได้แก้ไขโพสต์: สถานะการเปิดรับสมัคร\nกรุณาตรวจสอบรายละเอียดอีกครั้ง",
      "link_url": "/post/10/",
      "trigger_date": "2026-02-26",
      "is_read": false,
      "created_at": "2026-02-26T09:04:25.950Z"
    }
  },
  {
    "model": "notifications.notification",
    "pk": 13,
    "fields": {
      "user": [
        "tast3@gmail.com"
      ],
      "post": 10,
      "kind": "POST_UPDATED",
      "title": "ทดสอบการยกเลิก",
      "message": "เจ้าของกิจกรรมได้แก้ไขโพสต์: สถานะการเปิดรับสมัคร\nกรุณาตรวจสอบรายละเอียดอีกครั้ง",
      "link_url": "/post/10/",
      "trigger_date": "2026-02-26",
      "is_read": true,
      "created_at": "2026-02-26T09:04:25.959Z"
    }
  },
  {
    "model": "notifications.notification",
    "pk": 14,
    "fields": {
      "user": [
        "tast1@gmail.com"
      ],
      "post": 10,
      "kind": "OWNER_FULL",
      "title": "ทดสอบการยกเลิก",
      "message": "กิจกรรมของคุณเต็มแล้ว\nตอนนี้กิจกรรมเต็มแล้ว (สมัคร 3/3)",
      "link_url": "/post/10/",
      "trigger_date": "2026-02-26",
      "is_read": false,
      "created_at": "2026-02-26T09:09:57.029Z"
    }
  },
  {
    "model": "notifications.notification",
    "pk": 15,
    "fields": {
      "user": [
        "tast2@gmail.com"
      ],
      "post": 10,
      "kind": "SAVED_REMINDER",
      "title": "ทดสอบการยกเลิก",
      "message": "กิจกรรมเต็มแล้ว\nตอนนี้กิจกรรมเต็มแล้ว (สมัคร 3/3)\nผู้สมัคร: แก้วตา ดวงใจ, tast4@gmail.com, Pansak Patsaman",
      "link_url": "/post/10/",
      "trigger_date": "2026-02-26",
      "is_read": false,
      "created_at": "2026-02-26T09:09:57.040Z"
    }
  },
  {
    "model": "notifications.notification",
    "pk": 16,
    "fields": {
      "user": [
        "tast3@gmail.com"
      ],
      "post": 10,
      "kind": "SAVED_REMINDER",
      "title": "ทดสอบการยกเลิก",
      "message": "กิจกรรมเต็มแล้ว\nตอนนี้กิจกรรมเต็มแล้ว (สมัคร 3/3)\nผู้สมัคร: แก้วตา ดวงใจ, tast4@gmail.com, Pansak Patsaman",
      "link_url": "/post/10/",
      "trigger_date": "2026-02-26",
      "is_read": false,
      "created_at": "2026-02-26T09:09:57.048Z"
    }
  },
  {
    "model": "notifications.notification",
    "pk": 17,
    "fields": {
      "user": [
        "tast4@gmail.com"
      ],
      "post": 10,
      "kind": "SAVED_REMINDER",
      "title": "ทดสอบการยกเลิก",
      "message": "กิจกรรมเต็มแล้ว\nตอนนี้กิจกรรมเต็มแล้ว (สมัคร 3/3)\nผู้สมัคร: แก้วตา ดวงใจ, tast4@gmail.com, Pansak Patsaman",
      "link_url": "/post/10/",
      "trigger_date": "2026-02-26",
      "is_read": false,
      "created_at": "2026-02-26T09:09:57.058Z"
    }
  },
  {
    "model": "notifications.notification",
    "pk": 18,
    "fields": {
      "user": [
        "tast1@gmail.com"
      ],
      "post": 10,
      "kind": "POST_DELETED",
      "title": "ทดสอบการยกเลิก",
      "message": "กิจกรรม \"ทดสอบการยกเลิก\" ถูกลบโดยผู้ดูแลระบบ",
      "link_url": "/post/10/",
      "trigger_date": "2026-02-26",
      "is_read": false,
      "created_at": "2026-02-26T09:14:44.410Z"
    }
  },
  {
    "model": "notifications.notification",
    "pk": 19,
    "fields": {
      "user": [
        "tast4@gmail.com"
      ],
      "post": 10,
      "kind": "POST_DELETED",
      "title": "ทดสอบการยกเลิก",
      "message": "กิจกรรม \"ทดสอบการยกเลิก\" ถูกลบโดยผู้ดูแลระบบ",
      "link_url": "/post/10/",
      "trigger_date": "2026-02-26",
      "is_read": false,
      "created_at": "2026-02-26T09:14:44.419Z"
    }
  },
  {
    "model": "notifications.notification",
    "pk": 20,
    "fields": {
      "user": [
        "tast3@gmail.com"
      ],
      "post": 10,
      "kind": "POST_DELETED",
      "title": "ทดสอบการยกเลิก",
      "message": "กิจกรรม \"ทดสอบการยกเลิก\" ถูกลบโดยผู้ดูแลระบบ",
      "link_url": "/post/10/",
      "trigger_date": "2026-02-26",
      "is_read": false,
      "created_at": "2026-02-26T09:14:44.426Z"
    }
  },
  {
    "model": "notifications.notification",
    "pk": 21,
    "fields": {
      "user": [
        "tast2@gmail.com"
      ],
      "post": 9,
      "kind": "POST_DELETED",
      "title": "ทดสอบการแจ้งเตือน",
      "message": "กิจกรรม \"ทดสอบการแจ้งเตือน\" ถูกลบโดยผู้ดูแลระบบ",
      "link_url": "/post/9/",
      "trigger_date": "2026-02-26",
      "is_read": false,
      "created_at": "2026-02-26T09:14:45.473Z"
    }
  },
  {
    "model": "notifications.notification",
    "pk": 22,
    "fields": {
      "user": [
        "tast2@gmail.com"
      ],
      "post": 8,
      "kind": "POST_DELETED",
      "title": "ทอสอบรีวิว",
      "message": "กิจกรรม \"ทอสอบรีวิว\" ถูกลบโดยผู้ดูแลระบบ",
      "link_url": "/post/8/",
      "trigger_date": "2026-02-26",
      "is_read": false,
      "created_at": "2026-02-26T09:14:46.584Z"
    }
  },
  {
    "model": "notifications.notification",
    "pk": 23,
    "fields": {
      "user": [
        "tast1@gmail.com"
      ],
      "post": 3,
      "kind": "POST_DELETED",
      "title": "ทดสอบ",
      "message": "กิจกรรม \"ทดสอบ\" ถูกลบโดยผู้ดูแลระบบ",
      "link_url": "/post/3/",
      "trigger_date": "2026-02-26",
      "is_read": false,
      "created_at": "2026-02-26T09:14:50.839Z"
    }
  },
  {
    "model": "notifications.notification",
    "pk": 24,
    "fields": {
      "user": [
        "tast2@gmail.com"
      ],
      "post": 3,
      "kind": "POST_DELETED",
      "title": "ทดสอบ",
      "message": "กิจกรรม \"ทดสอบ\" ถูกลบโดยผู้ดูแลระบบ",
      "link_url": "/post/3/",
      "trigger_date": "2026-02-26",
      "is_read": false,
      "created_at": "2026-02-26T09:14:50.846Z"
    }
  },
  {
    "model": "notifications.notification",
    "pk": 25,
    "fields": {
      "user": [
        "tast1@gmail.com"
      ],
      "post": 5,
      "kind": "POST_DELETED",
      "title": "ทดสอบด้วยยย",
      "message": "กิจกรรม \"ทดสอบด้วยยย\" ถูกลบโดยผู้ดูแลระบบ",
      "link_url": "/post/5/",
      "trigger_date": "2026-02-26",
      "is_read": false,
      "created_at": "2026-02-26T09:14:51.454Z"
    }
  },
  {
    "model": "notifications.notification",
    "pk": 26,
    "fields": {
      "user": [
        "tast2@gmail.com"
      ],
      "post": 4,
      "kind": "POST_DELETED",
      "title": "ทอสอบ",
      "message": "กิจกรรม \"ทอสอบ\" ถูกลบโดยผู้ดูแลระบบ",
      "link_url": "/post/4/",
      "trigger_date": "2026-02-26",
      "is_read": false,
      "created_at": "2026-02-26T09:14:52.432Z"
    }
  },
  {
    "model": "notifications.notification",
    "pk": 27,
    "fields": {
      "user": [
        "tast1@gmail.com"
      ],
      "post": 7,
      "kind": "POST_DELETED",
      "title": "ทดสอบ",
      "message": "กิจกรรม \"ทดสอบ\" ถูกลบโดยผู้ดูแลระบบ",
      "link_url": "/post/7/",
      "trigger_date": "2026-02-26",
      "is_read": false,
      "created_at": "2026-02-26T09:14:53.067Z"
    }
  },
  {
    "model": "notifications.notification",
    "pk": 28,
    "fields": {
      "user": [
        "tast2@gmail.com"
      ],
      "post": 7,
      "kind": "POST_DELETED",
      "title": "ทดสอบ",
      "message": "กิจกรรม \"ทดสอบ\" ถูกลบโดยผู้ดูแลระบบ",
      "link_url": "/post/7/",
      "trigger_date": "2026-02-26",
      "is_read": false,
      "created_at": "2026-02-26T09:14:53.072Z"
    }
  },
  {
    "model": "notifications.notification",
    "pk": 29,
    "fields": {
      "user": [
        "tast2@gmail.com"
      ],
      "post": 8,
      "kind": "OWNER_STATUS_REMINDER",
      "title": "กิจกรรมเพื่อน้อง",
      "message": "เตือนเจ้าของกิจกรรม 1 วันก่อนเริ่ม:\nตอนนี้สมัครแล้ว 0/5 เหลือ 5 ที่\n",
      "link_url": "/post/8/",
      "trigger_date": "2026-02-28",
      "is_read": false,
      "created_at": "2026-02-26T18:05:53.749Z"
    }
  },
  {
    "model": "notifications.notification",
    "pk": 30,
    "fields": {
      "user": [
        "tast3@gmail.com"
      ],
      "post": 8,
      "kind": "POST_UPDATED",
      "title": "กิจกรรมเพื่อน้อง",
      "message": "เจ้าของกิจกรรมได้แก้ไขโพสต์: ชื่อกิจกรรม, รายละเอียด, ประเภทกิจกรรม, จำนวนที่รับสมัคร, สถานะการเปิดรับสมัคร, วันเวลา (เดิม 05/02/2026 05:00 → ใหม่ 01/03/2026 10:00)\n",
      "link_url": "/post/8/",
      "trigger_date": "2026-02-27",
      "is_read": false,
      "created_at": "2026-02-26T18:05:53.762Z"
    }
  },
  {
    "model": "notifications.notification",
    "pk": 31,
    "fields": {
      "user": [
        "tast2@gmail.com"
      ],
      "post": 8,
      "kind": "OWNER_STATUS_REMINDER",
      "title": "กิจกรรมเพื่อน้อง",
      "message": "อีก 2 วันกิจกรรมจะเริ่ม\nสถานะตอนนี้: ตอนนี้สมัครแล้ว 0/5 เหลือ 5 ที่",
      "link_url": "/post/8/",
      "trigger_date": "2026-03-01",
      "is_read": false,
      "created_at": "2026-02-26T18:05:53.934Z"
    }
  },
  {
    "model": "notifications.notification",
    "pk": 32,
    "fields": {
      "user": [
        "tast1@gmail.com"
      ],
      "post": 8,
      "kind": "REGISTER_REMINDER",
      "title": "กิจกรรมเพื่อน้อง",
      "message": "เตือนคุณ 1 วันก่อนกิจกรรม: กิจกรรมเพื่อน้อง\nตอนนี้สมัครแล้ว 1/5 เหลือ 4 ที่",
      "link_url": "/post/8/",
      "trigger_date": "2026-02-28",
      "is_read": false,
      "created_at": "2026-02-26T18:07:12.232Z"
    }
  },
  {
    "model": "notifications.notification",
    "pk": 33,
    "fields": {
      "user": [
        "tast1@gmail.com"
      ],
      "post": 11,
      "kind": "FOLLOWER_NEW_POST",
      "title": "การสร้างแชต",
      "message": "โครงการฮักบ้านเกิด ได้โพสต์กิจกรรมใหม่: \"การสร้างแชต\"",
      "link_url": "/post/11/",
      "trigger_date": "2026-02-27",
      "is_read": false,
      "created_at": "2026-02-27T15:55:55.349Z"
    }
  },
  {
    "model": "notifications.notification",
    "pk": 34,
    "fields": {
      "user": [
        "tast2@gmail.com"
      ],
      "post": 11,
      "kind": "OWNER_STATUS_REMINDER",
      "title": "การสร้างแชต",
      "message": "เตือนเจ้าของกิจกรรม 3 วันก่อนเริ่ม:\nตอนนี้สมัครแล้ว 0/3 เหลือ 3 ที่\n",
      "link_url": "/post/11/",
      "trigger_date": "2026-03-05",
      "is_read": false,
      "created_at": "2026-02-27T15:55:55.362Z"
    }
  },
  {
    "model": "notifications.notification",
    "pk": 35,
    "fields": {
      "user": [
        "tast2@gmail.com"
      ],
      "post": 11,
      "kind": "OWNER_STATUS_REMINDER",
      "title": "การสร้างแชต",
      "message": "เตือนเจ้าของกิจกรรม 1 วันก่อนเริ่ม:\nตอนนี้สมัครแล้ว 0/3 เหลือ 3 ที่\n",
      "link_url": "/post/11/",
      "trigger_date": "2026-03-07",
      "is_read": false,
      "created_at": "2026-02-27T15:55:55.372Z"
    }
  },
  {
    "model": "notifications.notification",
    "pk": 37,
    "fields": {
      "user": [
        "tast5@gmail.com"
      ],
      "post": 8,
      "kind": "REGISTER_REMINDER",
      "title": "กิจกรรมเพื่อน้อง",
      "message": "เตือนคุณ 1 วันก่อนกิจกรรม: กิจกรรมเพื่อน้อง\nตอนนี้สมัครแล้ว 2/5 เหลือ 3 ที่",
      "link_url": "/post/8/",
      "trigger_date": "2026-02-28",
      "is_read": true,
      "created_at": "2026-02-27T16:08:57.017Z"
    }
  },
  {
    "model": "notifications.notification",
    "pk": 38,
    "fields": {
      "user": [
        "tast2@gmail.com"
      ],
      "post": 11,
      "kind": "POST_HIDDEN",
      "title": "การสร้างแชต",
      "message": "กิจกรรม \"การสร้างแชต\" ถูกซ่อนโดยผู้ดูแลระบบ",
      "link_url": "/post/11/",
      "trigger_date": "2026-02-27",
      "is_read": false,
      "created_at": "2026-02-27T16:54:08.295Z"
    }
  },
  {
    "model": "notifications.notification",
    "pk": 39,
    "fields": {
      "user": [
        "tast5@gmail.com"
      ],
      "post": 8,
      "kind": "REGISTER_REMINDER",
      "title": "กิจกรรมเพื่อน้อง",
      "message": "กิจกรรมที่คุณสมัคร จะเริ่มในอีก 1 วัน\nตอนนี้สมัครแล้ว 3/5 เหลือ 2 ที่",
      "link_url": "/post/8/",
      "trigger_date": "2026-03-01",
      "is_read": true,
      "created_at": "2026-02-27T17:00:54.624Z"
    }
  },
  {
    "model": "notifications.notification",
    "pk": 41,
    "fields": {
      "user": [
        "tast6@gmail.com"
      ],
      "post": 8,
      "kind": "REGISTER_REMINDER",
      "title": "กิจกรรมเพื่อน้อง",
      "message": "เตือนคุณ 1 วันก่อนกิจกรรม: กิจกรรมเพื่อน้อง\nตอนนี้สมัครแล้ว 3/5 เหลือ 2 ที่",
      "link_url": "/post/8/",
      "trigger_date": "2026-02-28",
      "is_read": false,
      "created_at": "2026-02-27T18:02:26.897Z"
    }
  },
  {
    "model": "notifications.notification",
    "pk": 42,
    "fields": {
      "user": [
        "tast6@gmail.com"
      ],
      "post": 8,
      "kind": "REGISTER_REMINDER",
      "title": "กิจกรรมเพื่อน้อง",
      "message": "กิจกรรมที่คุณสมัคร จะเริ่มในอีก 1 วัน\nตอนนี้สมัครแล้ว 3/5 เหลือ 2 ที่",
      "link_url": "/post/8/",
      "trigger_date": "2026-03-01",
      "is_read": false,
      "created_at": "2026-02-27T18:02:27.044Z"
    }
  },
  {
    "model": "notifications.notification",
    "pk": 43,
    "fields": {
      "user": [
        "tast3@gmail.com"
      ],
      "post": 8,
      "kind": "SAVED_REMINDER",
      "title": "กิจกรรมเพื่อน้อง",
      "message": "กิจกรรมที่คุณจัดเก็บ จะเริ่มในอีก 1 วัน\nตอนนี้สมัครแล้ว 3/5 เหลือ 2 ที่",
      "link_url": "/post/8/",
      "trigger_date": "2026-03-01",
      "is_read": false,
      "created_at": "2026-02-27T18:04:00.769Z"
    }
  },
  {
    "model": "notifications.notification",
    "pk": 44,
    "fields": {
      "user": [
        "tast3@gmail.com"
      ],
      "post": 8,
      "kind": "REGISTER_REMINDER",
      "title": "กิจกรรมเพื่อน้อง",
      "message": "เตือนคุณ 1 วันก่อนกิจกรรม: กิจกรรมเพื่อน้อง\nตอนนี้สมัครแล้ว 4/5 เหลือ 1 ที่",
      "link_url": "/post/8/",
      "trigger_date": "2026-02-28",
      "is_read": false,
      "created_at": "2026-02-27T18:04:51.762Z"
    }
  },
  {
    "model": "notifications.notification",
    "pk": 45,
    "fields": {
      "user": [
        "tast3@gmail.com"
      ],
      "post": 8,
      "kind": "REGISTER_REMINDER",
      "title": "กิจกรรมเพื่อน้อง",
      "message": "กิจกรรมที่คุณสมัคร จะเริ่มในอีก 1 วัน\nตอนนี้สมัครแล้ว 4/5 เหลือ 1 ที่",
      "link_url": "/post/8/",
      "trigger_date": "2026-03-01",
      "is_read": false,
      "created_at": "2026-02-27T18:04:52.060Z"
    }
  },
  {
    "model": "notifications.notification",
    "pk": 46,
    "fields": {
      "user": [
        "tast7@gmail.com"
      ],
      "post": 8,
      "kind": "REGISTER_REMINDER",
      "title": "กิจกรรมเพื่อน้อง",
      "message": "เตือนคุณ 1 วันก่อนกิจกรรม: กิจกรรมเพื่อน้อง\nตอนนี้สมัครแล้ว 4/5 เหลือ 1 ที่",
      "link_url": "/post/8/",
      "trigger_date": "2026-02-28",
      "is_read": false,
      "created_at": "2026-02-27T18:05:36.545Z"
    }
  },
  {
    "model": "notifications.notification",
    "pk": 47,
    "fields": {
      "user": [
        "tast7@gmail.com"
      ],
      "post": 8,
      "kind": "REGISTER_REMINDER",
      "title": "กิจกรรมเพื่อน้อง",
      "message": "กิจกรรมที่คุณสมัคร จะเริ่มในอีก 1 วัน\nตอนนี้สมัครแล้ว 4/5 เหลือ 1 ที่",
      "link_url": "/post/8/",
      "trigger_date": "2026-03-01",
      "is_read": false,
      "created_at": "2026-02-27T18:05:36.741Z"
    }
  },
  {
    "model": "notifications.notification",
    "pk": 48,
    "fields": {
      "user": [
        "tast3@gmail.com"
      ],
      "post": 8,
      "kind": "POST_UPDATED",
      "title": "กิจกรรมเพื่อน้อง",
      "message": "เจ้าของกิจกรรมได้แก้ไขโพสต์: สถานะการเปิดรับสมัคร\n",
      "link_url": "/post/8/",
      "trigger_date": "2026-03-01",
      "is_read": false,
      "created_at": "2026-03-01T16:16:14.749Z"
    }
  },
  {
    "model": "notifications.notification",
    "pk": 49,
    "fields": {
      "user": [
        "tast5@gmail.com"
      ],
      "post": 8,
      "kind": "POST_UPDATED",
      "title": "กิจกรรมเพื่อน้อง",
      "message": "เจ้าของกิจกรรมได้แก้ไขโพสต์: สถานะการเปิดรับสมัคร\n",
      "link_url": "/post/8/",
      "trigger_date": "2026-03-01",
      "is_read": true,
      "created_at": "2026-03-01T16:16:14.757Z"
    }
  },
  {
    "model": "notifications.notification",
    "pk": 50,
    "fields": {
      "user": [
        "tast7@gmail.com"
      ],
      "post": 8,
      "kind": "POST_UPDATED",
      "title": "กิจกรรมเพื่อน้อง",
      "message": "เจ้าของกิจกรรมได้แก้ไขโพสต์: สถานะการเปิดรับสมัคร\n",
      "link_url": "/post/8/",
      "trigger_date": "2026-03-01",
      "is_read": false,
      "created_at": "2026-03-01T16:16:14.764Z"
    }
  },
  {
    "model": "notifications.notification",
    "pk": 51,
    "fields": {
      "user": [
        "tast6@gmail.com"
      ],
      "post": 8,
      "kind": "POST_UPDATED",
      "title": "กิจกรรมเพื่อน้อง",
      "message": "เจ้าของกิจกรรมได้แก้ไขโพสต์: สถานะการเปิดรับสมัคร\n",
      "link_url": "/post/8/",
      "trigger_date": "2026-03-01",
      "is_read": false,
      "created_at": "2026-03-01T16:16:14.771Z"
    }
  },
  {
    "model": "notifications.notification",
    "pk": 52,
    "fields": {
      "user": [
        "tast1@gmail.com"
      ],
      "post": 8,
      "kind": "POST_UPDATED",
      "title": "กิจกรรมเพื่อน้อง",
      "message": "เจ้าของกิจกรรมได้แก้ไขโพสต์: สถานะการเปิดรับสมัคร\n",
      "link_url": "/post/8/",
      "trigger_date": "2026-03-01",
      "is_read": false,
      "created_at": "2026-03-01T16:16:14.779Z"
    }
  },
  {
    "model": "notifications.notification",
    "pk": 53,
    "fields": {
      "user": [
        "tast1@gmail.com"
      ],
      "post": 12,
      "kind": "FOLLOWER_NEW_POST",
      "title": "ทดสอบ",
      "message": "โครงการฮักบ้านเกิด ได้โพสต์กิจกรรมใหม่: \"ทดสอบ\"",
      "link_url": "/post/12/",
      "trigger_date": "2026-03-01",
      "is_read": false,
      "created_at": "2026-03-01T16:34:14.542Z"
    }
  },
  {
    "model": "notifications.notification",
    "pk": 54,
    "fields": {
      "user": [
        "tast5@gmail.com"
      ],
      "post": 12,
      "kind": "FOLLOWER_NEW_POST",
      "title": "ทดสอบ",
      "message": "โครงการฮักบ้านเกิด ได้โพสต์กิจกรรมใหม่: \"ทดสอบ\"",
      "link_url": "/post/12/",
      "trigger_date": "2026-03-01",
      "is_read": true,
      "created_at": "2026-03-01T16:34:14.550Z"
    }
  },
  {
    "model": "notifications.notification",
    "pk": 55,
    "fields": {
      "user": [
        "tast2@gmail.com"
      ],
      "post": 12,
      "kind": "OWNER_STATUS_REMINDER",
      "title": "ทดสอบ",
      "message": "เตือนเจ้าของกิจกรรม 3 วันก่อนเริ่ม:\nกิจกรรมนี้ไม่จำกัดจำนวน\n",
      "link_url": "/post/12/",
      "trigger_date": "2026-03-05",
      "is_read": false,
      "created_at": "2026-03-01T16:34:14.559Z"
    }
  },
  {
    "model": "notifications.notification",
    "pk": 56,
    "fields": {
      "user": [
        "tast2@gmail.com"
      ],
      "post": 12,
      "kind": "OWNER_STATUS_REMINDER",
      "title": "ทดสอบ",
      "message": "เตือนเจ้าของกิจกรรม 1 วันก่อนเริ่ม:\nกิจกรรมนี้ไม่จำกัดจำนวน\n",
      "link_url": "/post/12/",
      "trigger_date": "2026-03-07",
      "is_read": true,
      "created_at": "2026-03-01T16:34:14.567Z"
    }
  },
  {
    "model": "notifications.notification",
    "pk": 57,
    "fields": {
      "user": [
        "tast2@gmail.com"
      ],
      "post": 12,
      "kind": "POST_HIDDEN",
      "title": "ทดสอบ",
      "message": "กิจกรรม \"ทดสอบ\" ถูกซ่อนโดยผู้ดูแลระบบ",
      "link_url": "/post/12/",
      "trigger_date": "2026-03-02",
      "is_read": true,
      "created_at": "2026-03-01T17:10:57.350Z"
    }
  },
  {
    "model": "notifications.notification",
    "pk": 58,
    "fields": {
      "user": [
        "tast4@gmail.com"
      ],
      "post": 13,
      "kind": "OWNER_STATUS_REMINDER",
      "title": "จัดพื้นที่สร้างสรรค์ในชุมชน",
      "message": "เตือนเจ้าของกิจกรรม 3 วันก่อนเริ่ม:\nตอนนี้สมัครแล้ว 0/20 เหลือ 20 ที่\n",
      "link_url": "/post/13/",
      "trigger_date": "2026-03-02",
      "is_read": false,
      "created_at": "2026-03-01T18:07:46.605Z"
    }
  },
  {
    "model": "notifications.notification",
    "pk": 59,
    "fields": {
      "user": [
        "tast4@gmail.com"
      ],
      "post": 13,
      "kind": "OWNER_STATUS_REMINDER",
      "title": "จัดพื้นที่สร้างสรรค์ในชุมชน",
      "message": "เตือนเจ้าของกิจกรรม 1 วันก่อนเริ่ม:\nตอนนี้สมัครแล้ว 0/20 เหลือ 20 ที่\n",
      "link_url": "/post/13/",
      "trigger_date": "2026-03-04",
      "is_read": false,
      "created_at": "2026-03-01T18:07:46.615Z"
    }
  },
  {
    "model": "notifications.notification",
    "pk": 62,
    "fields": {
      "user": [
        "tast2@gmail.com"
      ],
      "post": 8,
      "kind": "SYSTEM",
      "title": "กิจกรรมเพื่อน้อง",
      "message": "มีผู้สมัครยกเลิกการเข้าร่วมกิจกรรม: โครงการฮักบ้านเกิด",
      "link_url": "/post/8/",
      "trigger_date": "2026-03-02",
      "is_read": false,
      "created_at": "2026-03-01T22:18:24.601Z"
    }
  },
  {
    "model": "notifications.notification",
    "pk": 63,
    "fields": {
      "user": [
        "tast1@gmail.com"
      ],
      "post": 3,
      "kind": "POST_UPDATED",
      "title": "กิจกรรมณรงค์ลด ละ เลิกการดื่มเครื่องแอลกอฮอล์",
      "message": "เจ้าของกิจกรรมได้แก้ไขโพสต์: ชื่อกิจกรรม, สถานที่, รายละเอียด, ประเภทกิจกรรม, จำนวนที่รับสมัคร, วันเวลา (เดิม 21/02/2026 05:00 → ใหม่ 28/12/2023 13:00)\n",
      "link_url": "/post/3/",
      "trigger_date": "2026-03-02",
      "is_read": false,
      "created_at": "2026-03-01T22:53:25.204Z"
    }
  },
  {
    "model": "notifications.notification",
    "pk": 64,
    "fields": {
      "user": [
        "tast2@gmail.com"
      ],
      "post": 11,
      "kind": "POST_HIDDEN",
      "title": "การสร้างแชต",
      "message": "กิจกรรม \"การสร้างแชต\" ถูกซ่อนโดยผู้ดูแลระบบ",
      "link_url": "/post/11/",
      "trigger_date": "2026-03-02",
      "is_read": false,
      "created_at": "2026-03-01T23:47:56.699Z"
    }
  },
  {
    "model": "notifications.notification",
    "pk": 65,
    "fields": {
      "user": [
        "tast2@gmail.com"
      ],
      "post": 9,
      "kind": "POST_HIDDEN",
      "title": "ทดสอบการแจ้งเตือน",
      "message": "กิจกรรม \"ทดสอบการแจ้งเตือน\" ถูกซ่อนโดยผู้ดูแลระบบ",
      "link_url": "/post/9/",
      "trigger_date": "2026-03-02",
      "is_read": false,
      "created_at": "2026-03-01T23:47:58.690Z"
    }
  },
  {
    "model": "notifications.notification",
    "pk": 66,
    "fields": {
      "user": [
        "tast1@gmail.com"
      ],
      "post": 10,
      "kind": "POST_HIDDEN",
      "title": "ทดสอบการยกเลิก",
      "message": "กิจกรรม \"ทดสอบการยกเลิก\" ถูกซ่อนโดยผู้ดูแลระบบ",
      "link_url": "/post/10/",
      "trigger_date": "2026-03-02",
      "is_read": false,
      "created_at": "2026-03-01T23:47:59.749Z"
    }
  },
  {
    "model": "notifications.notification",
    "pk": 67,
    "fields": {
      "user": [
        "tast3@gmail.com"
      ],
      "post": 10,
      "kind": "POST_HIDDEN",
      "title": "ทดสอบการยกเลิก",
      "message": "กิจกรรม \"ทดสอบการยกเลิก\" ถูกซ่อนโดยผู้ดูแลระบบ",
      "link_url": "/post/10/",
      "trigger_date": "2026-03-02",
      "is_read": false,
      "created_at": "2026-03-01T23:47:59.757Z"
    }
  },
  {
    "model": "notifications.notification",
    "pk": 68,
    "fields": {
      "user": [
        "tast4@gmail.com"
      ],
      "post": 10,
      "kind": "POST_HIDDEN",
      "title": "ทดสอบการยกเลิก",
      "message": "กิจกรรม \"ทดสอบการยกเลิก\" ถูกซ่อนโดยผู้ดูแลระบบ",
      "link_url": "/post/10/",
      "trigger_date": "2026-03-02",
      "is_read": false,
      "created_at": "2026-03-01T23:47:59.765Z"
    }
  },
  {
    "model": "notifications.notification",
    "pk": 69,
    "fields": {
      "user": [
        "tast1@gmail.com"
      ],
      "post": 7,
      "kind": "POST_HIDDEN",
      "title": "ทดสอบ",
      "message": "กิจกรรม \"ทดสอบ\" ถูกซ่อนโดยผู้ดูแลระบบ",
      "link_url": "/post/7/",
      "trigger_date": "2026-03-02",
      "is_read": false,
      "created_at": "2026-03-01T23:48:03.010Z"
    }
  },
  {
    "model": "notifications.notification",
    "pk": 70,
    "fields": {
      "user": [
        "tast2@gmail.com"
      ],
      "post": 7,
      "kind": "POST_HIDDEN",
      "title": "ทดสอบ",
      "message": "กิจกรรม \"ทดสอบ\" ถูกซ่อนโดยผู้ดูแลระบบ",
      "link_url": "/post/7/",
      "trigger_date": "2026-03-02",
      "is_read": false,
      "created_at": "2026-03-01T23:48:03.018Z"
    }
  },
  {
    "model": "notifications.notification",
    "pk": 71,
    "fields": {
      "user": [
        "tast1@gmail.com"
      ],
      "post": 5,
      "kind": "POST_HIDDEN",
      "title": "ทดสอบด้วยยย",
      "message": "กิจกรรม \"ทดสอบด้วยยย\" ถูกซ่อนโดยผู้ดูแลระบบ",
      "link_url": "/post/5/",
      "trigger_date": "2026-03-02",
      "is_read": false,
      "created_at": "2026-03-01T23:48:05.325Z"
    }
  },
  {
    "model": "notifications.notification",
    "pk": 72,
    "fields": {
      "user": [
        "tast4@gmail.com"
      ],
      "post": 13,
      "kind": "OWNER_POSTED",
      "title": "จัดพื้นที่สร้างสรรค์ในชุมชน",
      "message": "โพสต์กิจกรรมของคุณได้รับการอนุมัติและเผยแพร่แล้ว: \"จัดพื้นที่สร้างสรรค์ในชุมชน\"",
      "link_url": "/post/13/",
      "trigger_date": "2026-03-02",
      "is_read": false,
      "created_at": "2026-03-02T00:16:31.865Z"
    }
  },
  {
    "model": "notifications.notification",
    "pk": 73,
    "fields": {
      "user": [
        "tast1@gmail.com"
      ],
      "post": 13,
      "kind": "SAVED_REMINDER",
      "title": "จัดพื้นที่สร้างสรรค์ในชุมชน",
      "message": "กิจกรรมที่คุณจัดเก็บ จะเริ่มในอีก 3 วัน\nตอนนี้สมัครแล้ว 0/20 เหลือ 20 ที่",
      "link_url": "/post/13/",
      "trigger_date": "2026-03-05",
      "is_read": false,
      "created_at": "2026-03-02T00:37:44.345Z"
    }
  },
  {
    "model": "notifications.notification",
    "pk": 74,
    "fields": {
      "user": [
        "tast1@gmail.com"
      ],
      "post": 13,
      "kind": "REGISTER_REMINDER",
      "title": "จัดพื้นที่สร้างสรรค์ในชุมชน",
      "message": "เตือนคุณ 1 วันก่อนกิจกรรม: จัดพื้นที่สร้างสรรค์ในชุมชน\nตอนนี้สมัครแล้ว 1/20 เหลือ 19 ที่",
      "link_url": "/post/13/",
      "trigger_date": "2026-03-04",
      "is_read": false,
      "created_at": "2026-03-02T00:38:09.369Z"
    }
  },
  {
    "model": "notifications.notification",
    "pk": 75,
    "fields": {
      "user": [
        "tast1@gmail.com"
      ],
      "post": 15,
      "kind": "OWNER_POSTED",
      "title": "เด็กสกลพาชม 5 ลายผ้าคราม ยอดฮิต",
      "message": "โพสต์กิจกรรมของคุณได้รับการอนุมัติและเผยแพร่แล้ว: \"เด็กสกลพาชม 5 ลายผ้าคราม ยอดฮิต\"",
      "link_url": "/post/15/",
      "trigger_date": "2026-03-02",
      "is_read": false,
      "created_at": "2026-03-02T00:42:14.640Z"
    }
  },
  {
    "model": "notifications.notification",
    "pk": 76,
    "fields": {
      "user": [
        "tast3@gmail.com"
      ],
      "post": 15,
      "kind": "FOLLOWER_NEW_POST",
      "title": "เด็กสกลพาชม 5 ลายผ้าคราม ยอดฮิต",
      "message": "Pansak Patsaman ได้โพสต์กิจกรรมใหม่: \"เด็กสกลพาชม 5 ลายผ้าคราม ยอดฮิต\"",
      "link_url": "/post/15/",
      "trigger_date": "2026-03-02",
      "is_read": false,
      "created_at": "2026-03-02T00:42:14.655Z"
    }
  },
  {
    "model": "notifications.notification",
    "pk": 77,
    "fields": {
      "user": [
        "tast1@gmail.com"
      ],
      "post": 15,
      "kind": "OWNER_STATUS_REMINDER",
      "title": "เด็กสกลพาชม 5 ลายผ้าคราม ยอดฮิต",
      "message": "เตือนเจ้าของกิจกรรม 3 วันก่อนเริ่ม:\nกิจกรรมนี้ไม่จำกัดจำนวน\n",
      "link_url": "/post/15/",
      "trigger_date": "2026-03-03",
      "is_read": false,
      "created_at": "2026-03-02T00:42:14.669Z"
    }
  },
  {
    "model": "notifications.notification",
    "pk": 78,
    "fields": {
      "user": [
        "tast1@gmail.com"
      ],
      "post": 15,
      "kind": "OWNER_STATUS_REMINDER",
      "title": "เด็กสกลพาชม 5 ลายผ้าคราม ยอดฮิต",
      "message": "เตือนเจ้าของกิจกรรม 1 วันก่อนเริ่ม:\nกิจกรรมนี้ไม่จำกัดจำนวน\n",
      "link_url": "/post/15/",
      "trigger_date": "2026-03-05",
      "is_read": false,
      "created_at": "2026-03-02T00:42:14.678Z"
    }
  },
  {
    "model": "notifications.notification",
    "pk": 79,
    "fields": {
      "user": [
        "tast1@gmail.com"
      ],
      "post": 15,
      "kind": "POST_HIDDEN",
      "title": "เด็กสกลพาชม 5 ลายผ้าคราม ยอดฮิต",
      "message": "กิจกรรม \"เด็กสกลพาชม 5 ลายผ้าคราม ยอดฮิต\" ถูกซ่อนโดยผู้ดูแลระบบ",
      "link_url": "/post/15/",
      "trigger_date": "2026-03-02",
      "is_read": false,
      "created_at": "2026-03-02T00:42:45.706Z"
    }
  },
  {
    "model": "notifications.notification",
    "pk": 80,
    "fields": {
      "user": [
        "tast2@gmail.com"
      ],
      "post": 12,
      "kind": "POST_HIDDEN",
      "title": "ทดสอบ",
      "message": "กิจกรรม \"ทดสอบ\" ถูกซ่อนโดยผู้ดูแลระบบ",
      "link_url": "/post/12/",
      "trigger_date": "2026-03-08",
      "is_read": false,
      "created_at": "2026-03-07T19:21:33.186Z"
    }
  },
  {
    "model": "notifications.notification",
    "pk": 81,
    "fields": {
      "user": [
        "tast1@gmail.com"
      ],
      "post": 13,
      "kind": "POST_UPDATED",
      "title": "จัดพื้นที่สร้างสรรค์ในชุมชน",
      "message": "เจ้าของกิจกรรมได้แก้ไขโพสต์: สถานะการเปิดรับสมัคร\n",
      "link_url": "/post/13/",
      "trigger_date": "2026-03-08",
      "is_read": false,
      "created_at": "2026-03-07T20:25:38.589Z"
    }
  },
  {
    "model": "notifications.notification",
    "pk": 82,
    "fields": {
      "user": [
        "tast2@gmail.com"
      ],
      "post": 29,
      "kind": "OWNER_POSTED",
      "title": "น้ำท่วมภาคเหนือ",
      "message": "โพสต์กิจกรรมของคุณได้รับการอนุมัติและเผยแพร่แล้ว: \"น้ำท่วมภาคเหนือ\"",
      "link_url": "/post/29/",
      "trigger_date": "2026-03-08",
      "is_read": false,
      "created_at": "2026-03-07T21:17:35.642Z"
    }
  },
  {
    "model": "notifications.notification",
    "pk": 83,
    "fields": {
      "user": [
        "tast1@gmail.com"
      ],
      "post": 29,
      "kind": "FOLLOWER_NEW_POST",
      "title": "น้ำท่วมภาคเหนือ",
      "message": "โครงการฮักบ้านเกิด ได้โพสต์กิจกรรมใหม่: \"น้ำท่วมภาคเหนือ\"",
      "link_url": "/post/29/",
      "trigger_date": "2026-03-08",
      "is_read": false,
      "created_at": "2026-03-07T21:17:35.654Z"
    }
  },
  {
    "model": "notifications.notification",
    "pk": 84,
    "fields": {
      "user": [
        "tast5@gmail.com"
      ],
      "post": 29,
      "kind": "FOLLOWER_NEW_POST",
      "title": "น้ำท่วมภาคเหนือ",
      "message": "โครงการฮักบ้านเกิด ได้โพสต์กิจกรรมใหม่: \"น้ำท่วมภาคเหนือ\"",
      "link_url": "/post/29/",
      "trigger_date": "2026-03-08",
      "is_read": false,
      "created_at": "2026-03-07T21:17:35.663Z"
    }
  },
  {
    "model": "notifications.notification",
    "pk": 85,
    "fields": {
      "user": [
        "tast2@gmail.com"
      ],
      "post": 28,
      "kind": "OWNER_POSTED",
      "title": "สงกรานต์สุขใจ ปลอดภัย ไร้แอลกอฮอล์",
      "message": "โพสต์กิจกรรมของคุณได้รับการอนุมัติและเผยแพร่แล้ว: \"สงกรานต์สุขใจ ปลอดภัย ไร้แอลกอฮอล์\"",
      "link_url": "/post/28/",
      "trigger_date": "2026-03-08",
      "is_read": false,
      "created_at": "2026-03-07T21:17:36.713Z"
    }
  },
  {
    "model": "notifications.notification",
    "pk": 86,
    "fields": {
      "user": [
        "tast1@gmail.com"
      ],
      "post": 28,
      "kind": "FOLLOWER_NEW_POST",
      "title": "สงกรานต์สุขใจ ปลอดภัย ไร้แอลกอฮอล์",
      "message": "โครงการฮักบ้านเกิด ได้โพสต์กิจกรรมใหม่: \"สงกรานต์สุขใจ ปลอดภัย ไร้แอลกอฮอล์\"",
      "link_url": "/post/28/",
      "trigger_date": "2026-03-08",
      "is_read": false,
      "created_at": "2026-03-07T21:17:36.724Z"
    }
  },
  {
    "model": "notifications.notification",
    "pk": 87,
    "fields": {
      "user": [
        "tast5@gmail.com"
      ],
      "post": 28,
      "kind": "FOLLOWER_NEW_POST",
      "title": "สงกรานต์สุขใจ ปลอดภัย ไร้แอลกอฮอล์",
      "message": "โครงการฮักบ้านเกิด ได้โพสต์กิจกรรมใหม่: \"สงกรานต์สุขใจ ปลอดภัย ไร้แอลกอฮอล์\"",
      "link_url": "/post/28/",
      "trigger_date": "2026-03-08",
      "is_read": false,
      "created_at": "2026-03-07T21:17:36.731Z"
    }
  },
  {
    "model": "notifications.notification",
    "pk": 88,
    "fields": {
      "user": [
        "tast2@gmail.com"
      ],
      "post": 27,
      "kind": "OWNER_POSTED",
      "title": "\"โลกไม่ได้แค่ 'ร้อน' แต่กำลัง 'เดือด'!",
      "message": "โพสต์กิจกรรมของคุณได้รับการอนุมัติและเผยแพร่แล้ว: \"\"โลกไม่ได้แค่ 'ร้อน' แต่กำลัง 'เดือด'!\"",
      "link_url": "/post/27/",
      "trigger_date": "2026-03-08",
      "is_read": false,
      "created_at": "2026-03-07T21:17:37.621Z"
    }
  },
  {
    "model": "notifications.notification",
    "pk": 89,
    "fields": {
      "user": [
        "tast1@gmail.com"
      ],
      "post": 27,
      "kind": "FOLLOWER_NEW_POST",
      "title": "\"โลกไม่ได้แค่ 'ร้อน' แต่กำลัง 'เดือด'!",
      "message": "โครงการฮักบ้านเกิด ได้โพสต์กิจกรรมใหม่: \"\"โลกไม่ได้แค่ 'ร้อน' แต่กำลัง 'เดือด'!\"",
      "link_url": "/post/27/",
      "trigger_date": "2026-03-08",
      "is_read": false,
      "created_at": "2026-03-07T21:17:37.632Z"
    }
  },
  {
    "model": "notifications.notification",
    "pk": 90,
    "fields": {
      "user": [
        "tast5@gmail.com"
      ],
      "post": 27,
      "kind": "FOLLOWER_NEW_POST",
      "title": "\"โลกไม่ได้แค่ 'ร้อน' แต่กำลัง 'เดือด'!",
      "message": "โครงการฮักบ้านเกิด ได้โพสต์กิจกรรมใหม่: \"\"โลกไม่ได้แค่ 'ร้อน' แต่กำลัง 'เดือด'!\"",
      "link_url": "/post/27/",
      "trigger_date": "2026-03-08",
      "is_read": false,
      "created_at": "2026-03-07T21:17:37.640Z"
    }
  },
  {
    "model": "notifications.notification",
    "pk": 91,
    "fields": {
      "user": [
        "tast2@gmail.com"
      ],
      "post": 27,
      "kind": "OWNER_STATUS_REMINDER",
      "title": "\"โลกไม่ได้แค่ 'ร้อน' แต่กำลัง 'เดือด'!",
      "message": "เตือนเจ้าของกิจกรรม 3 วันก่อนเริ่ม:\nกิจกรรมนี้ไม่จำกัดจำนวน\n",
      "link_url": "/post/27/",
      "trigger_date": "2026-03-28",
      "is_read": false,
      "created_at": "2026-03-07T21:17:37.649Z"
    }
  },
  {
    "model": "notifications.notification",
    "pk": 92,
    "fields": {
      "user": [
        "tast2@gmail.com"
      ],
      "post": 27,
      "kind": "OWNER_STATUS_REMINDER",
      "title": "\"โลกไม่ได้แค่ 'ร้อน' แต่กำลัง 'เดือด'!",
      "message": "เตือนเจ้าของกิจกรรม 1 วันก่อนเริ่ม:\nกิจกรรมนี้ไม่จำกัดจำนวน\n",
      "link_url": "/post/27/",
      "trigger_date": "2026-03-30",
      "is_read": false,
      "created_at": "2026-03-07T21:17:37.656Z"
    }
  },
  {
    "model": "notifications.notification",
    "pk": 93,
    "fields": {
      "user": [
        "tast2@gmail.com"
      ],
      "post": 26,
      "kind": "OWNER_POSTED",
      "title": "คริสต์มาสรักษ์โลก",
      "message": "โพสต์กิจกรรมของคุณได้รับการอนุมัติและเผยแพร่แล้ว: \"คริสต์มาสรักษ์โลก\"",
      "link_url": "/post/26/",
      "trigger_date": "2026-03-08",
      "is_read": false,
      "created_at": "2026-03-07T21:17:38.871Z"
    }
  },
  {
    "model": "notifications.notification",
    "pk": 94,
    "fields": {
      "user": [
        "tast1@gmail.com"
      ],
      "post": 26,
      "kind": "FOLLOWER_NEW_POST",
      "title": "คริสต์มาสรักษ์โลก",
      "message": "โครงการฮักบ้านเกิด ได้โพสต์กิจกรรมใหม่: \"คริสต์มาสรักษ์โลก\"",
      "link_url": "/post/26/",
      "trigger_date": "2026-03-08",
      "is_read": false,
      "created_at": "2026-03-07T21:17:38.883Z"
    }
  },
  {
    "model": "notifications.notification",
    "pk": 95,
    "fields": {
      "user": [
        "tast5@gmail.com"
      ],
      "post": 26,
      "kind": "FOLLOWER_NEW_POST",
      "title": "คริสต์มาสรักษ์โลก",
      "message": "โครงการฮักบ้านเกิด ได้โพสต์กิจกรรมใหม่: \"คริสต์มาสรักษ์โลก\"",
      "link_url": "/post/26/",
      "trigger_date": "2026-03-08",
      "is_read": false,
      "created_at": "2026-03-07T21:17:38.892Z"
    }
  },
  {
    "model": "notifications.notification",
    "pk": 96,
    "fields": {
      "user": [
        "tast2@gmail.com"
      ],
      "post": 25,
      "kind": "OWNER_POSTED",
      "title": "น้ำท่วมภาคใต้",
      "message": "โพสต์กิจกรรมของคุณได้รับการอนุมัติและเผยแพร่แล้ว: \"น้ำท่วมภาคใต้\"",
      "link_url": "/post/25/",
      "trigger_date": "2026-03-08",
      "is_read": false,
      "created_at": "2026-03-07T21:17:39.763Z"
    }
  },
  {
    "model": "notifications.notification",
    "pk": 97,
    "fields": {
      "user": [
        "tast1@gmail.com"
      ],
      "post": 25,
      "kind": "FOLLOWER_NEW_POST",
      "title": "น้ำท่วมภาคใต้",
      "message": "โครงการฮักบ้านเกิด ได้โพสต์กิจกรรมใหม่: \"น้ำท่วมภาคใต้\"",
      "link_url": "/post/25/",
      "trigger_date": "2026-03-08",
      "is_read": false,
      "created_at": "2026-03-07T21:17:39.774Z"
    }
  },
  {
    "model": "notifications.notification",
    "pk": 98,
    "fields": {
      "user": [
        "tast5@gmail.com"
      ],
      "post": 25,
      "kind": "FOLLOWER_NEW_POST",
      "title": "น้ำท่วมภาคใต้",
      "message": "โครงการฮักบ้านเกิด ได้โพสต์กิจกรรมใหม่: \"น้ำท่วมภาคใต้\"",
      "link_url": "/post/25/",
      "trigger_date": "2026-03-08",
      "is_read": false,
      "created_at": "2026-03-07T21:17:39.780Z"
    }
  },
  {
    "model": "notifications.notification",
    "pk": 99,
    "fields": {
      "user": [
        "tast2@gmail.com"
      ],
      "post": 24,
      "kind": "OWNER_POSTED",
      "title": "เด็กดั่งดวงดาว",
      "message": "โพสต์กิจกรรมของคุณได้รับการอนุมัติและเผยแพร่แล้ว: \"เด็กดั่งดวงดาว\"",
      "link_url": "/post/24/",
      "trigger_date": "2026-03-08",
      "is_read": false,
      "created_at": "2026-03-07T21:17:40.396Z"
    }
  },
  {
    "model": "notifications.notification",
    "pk": 100,
    "fields": {
      "user": [
        "tast1@gmail.com"
      ],
      "post": 24,
      "kind": "FOLLOWER_NEW_POST",
      "title": "เด็กดั่งดวงดาว",
      "message": "โครงการฮักบ้านเกิด ได้โพสต์กิจกรรมใหม่: \"เด็กดั่งดวงดาว\"",
      "link_url": "/post/24/",
      "trigger_date": "2026-03-08",
      "is_read": false,
      "created_at": "2026-03-07T21:17:40.407Z"
    }
  },
  {
    "model": "notifications.notification",
    "pk": 101,
    "fields": {
      "user": [
        "tast5@gmail.com"
      ],
      "post": 24,
      "kind": "FOLLOWER_NEW_POST",
      "title": "เด็กดั่งดวงดาว",
      "message": "โครงการฮักบ้านเกิด ได้โพสต์กิจกรรมใหม่: \"เด็กดั่งดวงดาว\"",
      "link_url": "/post/24/",
      "trigger_date": "2026-03-08",
      "is_read": false,
      "created_at": "2026-03-07T21:17:40.416Z"
    }
  },
  {
    "model": "notifications.notification",
    "pk": 102,
    "fields": {
      "user": [
        "tast2@gmail.com"
      ],
      "post": 23,
      "kind": "OWNER_POSTED",
      "title": "เปิดไฟให้ดาว",
      "message": "โพสต์กิจกรรมของคุณได้รับการอนุมัติและเผยแพร่แล้ว: \"เปิดไฟให้ดาว\"",
      "link_url": "/post/23/",
      "trigger_date": "2026-03-08",
      "is_read": false,
      "created_at": "2026-03-07T21:17:42.650Z"
    }
  },
  {
    "model": "notifications.notification",
    "pk": 103,
    "fields": {
      "user": [
        "tast1@gmail.com"
      ],
      "post": 23,
      "kind": "FOLLOWER_NEW_POST",
      "title": "เปิดไฟให้ดาว",
      "message": "โครงการฮักบ้านเกิด ได้โพสต์กิจกรรมใหม่: \"เปิดไฟให้ดาว\"",
      "link_url": "/post/23/",
      "trigger_date": "2026-03-08",
      "is_read": false,
      "created_at": "2026-03-07T21:17:42.662Z"
    }
  },
  {
    "model": "notifications.notification",
    "pk": 104,
    "fields": {
      "user": [
        "tast5@gmail.com"
      ],
      "post": 23,
      "kind": "FOLLOWER_NEW_POST",
      "title": "เปิดไฟให้ดาว",
      "message": "โครงการฮักบ้านเกิด ได้โพสต์กิจกรรมใหม่: \"เปิดไฟให้ดาว\"",
      "link_url": "/post/23/",
      "trigger_date": "2026-03-08",
      "is_read": false,
      "created_at": "2026-03-07T21:17:42.670Z"
    }
  },
  {
    "model": "notifications.notification",
    "pk": 105,
    "fields": {
      "user": [
        "tast4@gmail.com"
      ],
      "post": 22,
      "kind": "OWNER_POSTED",
      "title": "กิจกรรม \"เดิ่นโฮมใจ BYธงธานี\"",
      "message": "โพสต์กิจกรรมของคุณได้รับการอนุมัติและเผยแพร่แล้ว: \"กิจกรรม \"เดิ่นโฮมใจ BYธงธานี\"\"",
      "link_url": "/post/22/",
      "trigger_date": "2026-03-08",
      "is_read": false,
      "created_at": "2026-03-07T21:17:43.688Z"
    }
  },
  {
    "model": "notifications.notification",
    "pk": 106,
    "fields": {
      "user": [
        "tast2@gmail.com"
      ],
      "post": 21,
      "kind": "OWNER_POSTED",
      "title": "ระดมสิ่งของและของเล่นที่ได้รับการสนับสนุนจากผู้ใหญ่ใจดีเอาไปให้น้องๆในพื้นที่ จังหวัดอุบลราชธานี  ศรีสะเกษ สุรินทร์ และบุรีรัมย์",
      "message": "โพสต์กิจกรรมของคุณได้รับการอนุมัติและเผยแพร่แล้ว: \"ระดมสิ่งของและของเล่นที่ได้รับการสนับสนุนจากผู้ใหญ่ใจดีเอาไปให้น้องๆในพื้นที่ จังหวัดอุบลราชธานี  ศรีสะเกษ สุรินทร์ และบุรีรัมย์\"",
      "link_url": "/post/21/",
      "trigger_date": "2026-03-08",
      "is_read": false,
      "created_at": "2026-03-07T21:17:51.506Z"
    }
  },
  {
    "model": "notifications.notification",
    "pk": 107,
    "fields": {
      "user": [
        "tast1@gmail.com"
      ],
      "post": 21,
      "kind": "FOLLOWER_NEW_POST",
      "title": "ระดมสิ่งของและของเล่นที่ได้รับการสนับสนุนจากผู้ใหญ่ใจดีเอาไปให้น้องๆในพื้นที่ จังหวัดอุบลราชธานี  ศรีสะเกษ สุรินทร์ และบุรีรัมย์",
      "message": "โครงการฮักบ้านเกิด ได้โพสต์กิจกรรมใหม่: \"ระดมสิ่งของและของเล่นที่ได้รับการสนับสนุนจากผู้ใหญ่ใจดีเอาไปให้น้องๆในพื้นที่ จังหวัดอุบลราชธานี  ศรีสะเกษ สุรินทร์ และบุรีรัมย์\"",
      "link_url": "/post/21/",
      "trigger_date": "2026-03-08",
      "is_read": false,
      "created_at": "2026-03-07T21:17:51.517Z"
    }
  },
  {
    "model": "notifications.notification",
    "pk": 108,
    "fields": {
      "user": [
        "tast5@gmail.com"
      ],
      "post": 21,
      "kind": "FOLLOWER_NEW_POST",
      "title": "ระดมสิ่งของและของเล่นที่ได้รับการสนับสนุนจากผู้ใหญ่ใจดีเอาไปให้น้องๆในพื้นที่ จังหวัดอุบลราชธานี  ศรีสะเกษ สุรินทร์ และบุรีรัมย์",
      "message": "โครงการฮักบ้านเกิด ได้โพสต์กิจกรรมใหม่: \"ระดมสิ่งของและของเล่นที่ได้รับการสนับสนุนจากผู้ใหญ่ใจดีเอาไปให้น้องๆในพื้นที่ จังหวัดอุบลราชธานี  ศรีสะเกษ สุรินทร์ และบุรีรัมย์\"",
      "link_url": "/post/21/",
      "trigger_date": "2026-03-08",
      "is_read": false,
      "created_at": "2026-03-07T21:17:51.526Z"
    }
  },
  {
    "model": "notifications.notification",
    "pk": 109,
    "fields": {
      "user": [
        "tast21@gmail.com"
      ],
      "post": 20,
      "kind": "OWNER_POSTED",
      "title": "เปิดรับการบริจาคของเล่นและจัดซื้อของเล่นเพื่อทำสนามเด็กเล่น แบบเคลื่อนที่ได้",
      "message": "โพสต์กิจกรรมของคุณได้รับการอนุมัติและเผยแพร่แล้ว: \"เปิดรับการบริจาคของเล่นและจัดซื้อของเล่นเพื่อทำสนามเด็กเล่น แบบเคลื่อนที่ได้\"",
      "link_url": "/post/20/",
      "trigger_date": "2026-03-08",
      "is_read": false,
      "created_at": "2026-03-07T21:17:59.329Z"
    }
  },
  {
    "model": "notifications.notification",
    "pk": 110,
    "fields": {
      "user": [
        "tast21@gmail.com"
      ],
      "post": 19,
      "kind": "OWNER_POSTED",
      "title": "ร่วมบริจาคสิ่งของสถานการณ์ชายแดนไทย-กัมพูชา",
      "message": "โพสต์กิจกรรมของคุณได้รับการอนุมัติและเผยแพร่แล้ว: \"ร่วมบริจาคสิ่งของสถานการณ์ชายแดนไทย-กัมพูชา\"",
      "link_url": "/post/19/",
      "trigger_date": "2026-03-08",
      "is_read": false,
      "created_at": "2026-03-07T21:18:01.505Z"
    }
  },
  {
    "model": "notifications.notification",
    "pk": 111,
    "fields": {
      "user": [
        "tast16@gmail.com"
      ],
      "post": 18,
      "kind": "OWNER_POSTED",
      "title": "ข้อมูลเกี่ยวกับสถานการณ์การแพร่ระบาดของเชื้อไวรัสเอชไอวี (HIV) ในประเทศไทย ประจำปี 2568",
      "message": "โพสต์กิจกรรมของคุณได้รับการอนุมัติและเผยแพร่แล้ว: \"ข้อมูลเกี่ยวกับสถานการณ์การแพร่ระบาดของเชื้อไวรัสเอชไอวี (HIV) ในประเทศไทย ประจำปี 2568\"",
      "link_url": "/post/18/",
      "trigger_date": "2026-03-08",
      "is_read": false,
      "created_at": "2026-03-07T21:18:04.479Z"
    }
  },
  {
    "model": "notifications.notification",
    "pk": 112,
    "fields": {
      "user": [
        "tast2@gmail.com"
      ],
      "post": 17,
      "kind": "OWNER_POSTED",
      "title": "ตามรอยนิทาน ‘กินข้าวป่า‘",
      "message": "โพสต์กิจกรรมของคุณได้รับการอนุมัติและเผยแพร่แล้ว: \"ตามรอยนิทาน ‘กินข้าวป่า‘\"",
      "link_url": "/post/17/",
      "trigger_date": "2026-03-08",
      "is_read": false,
      "created_at": "2026-03-07T21:18:06.743Z"
    }
  },
  {
    "model": "notifications.notification",
    "pk": 113,
    "fields": {
      "user": [
        "tast1@gmail.com"
      ],
      "post": 17,
      "kind": "FOLLOWER_NEW_POST",
      "title": "ตามรอยนิทาน ‘กินข้าวป่า‘",
      "message": "โครงการฮักบ้านเกิด ได้โพสต์กิจกรรมใหม่: \"ตามรอยนิทาน ‘กินข้าวป่า‘\"",
      "link_url": "/post/17/",
      "trigger_date": "2026-03-08",
      "is_read": false,
      "created_at": "2026-03-07T21:18:06.755Z"
    }
  },
  {
    "model": "notifications.notification",
    "pk": 114,
    "fields": {
      "user": [
        "tast5@gmail.com"
      ],
      "post": 17,
      "kind": "FOLLOWER_NEW_POST",
      "title": "ตามรอยนิทาน ‘กินข้าวป่า‘",
      "message": "โครงการฮักบ้านเกิด ได้โพสต์กิจกรรมใหม่: \"ตามรอยนิทาน ‘กินข้าวป่า‘\"",
      "link_url": "/post/17/",
      "trigger_date": "2026-03-08",
      "is_read": false,
      "created_at": "2026-03-07T21:18:06.764Z"
    }
  },
  {
    "model": "notifications.notification",
    "pk": 115,
    "fields": {
      "user": [
        "tast5@gmail.com"
      ],
      "post": 16,
      "kind": "OWNER_POSTED",
      "title": "โปสการ์ด ห่วงใย กลับบ้านปลอดภัย หลังปีใหม่กลับ ม. มาเจอกัน",
      "message": "โพสต์กิจกรรมของคุณได้รับการอนุมัติและเผยแพร่แล้ว: \"โปสการ์ด ห่วงใย กลับบ้านปลอดภัย หลังปีใหม่กลับ ม. มาเจอกัน\"",
      "link_url": "/post/16/",
      "trigger_date": "2026-03-08",
      "is_read": false,
      "created_at": "2026-03-07T21:18:07.285Z"
    }
  },
  {
    "model": "notifications.notification",
    "pk": 116,
    "fields": {
      "user": [
        "tast5@gmail.com"
      ],
      "post": 32,
      "kind": "OWNER_STATUS_REMINDER",
      "title": "ตุลา  พาน้องเรียนรู้",
      "message": "เตือนเจ้าของกิจกรรม 3 วันก่อนเริ่ม:\nตอนนี้สมัครแล้ว 0/8 เหลือ 8 ที่\n",
      "link_url": "/post/32/",
      "trigger_date": "2026-10-07",
      "is_read": false,
      "created_at": "2026-03-07T21:34:37.433Z"
    }
  },
  {
    "model": "notifications.notification",
    "pk": 117,
    "fields": {
      "user": [
        "tast5@gmail.com"
      ],
      "post": 32,
      "kind": "OWNER_STATUS_REMINDER",
      "title": "ตุลา  พาน้องเรียนรู้",
      "message": "เตือนเจ้าของกิจกรรม 1 วันก่อนเริ่ม:\nตอนนี้สมัครแล้ว 0/8 เหลือ 8 ที่\n",
      "link_url": "/post/32/",
      "trigger_date": "2026-10-09",
      "is_read": false,
      "created_at": "2026-03-07T21:34:37.441Z"
    }
  },
  {
    "model": "notifications.notification",
    "pk": 118,
    "fields": {
      "user": [
        "tast10@gmail.com"
      ],
      "post": 40,
      "kind": "OWNER_POSTED",
      "title": "กิจกรรม “Digital Storytelling ชุมชนของเรา”",
      "message": "โพสต์กิจกรรมของคุณได้รับการอนุมัติและเผยแพร่แล้ว: \"กิจกรรม “Digital Storytelling ชุมชนของเรา”\"",
      "link_url": "/post/40/",
      "trigger_date": "2026-03-08",
      "is_read": false,
      "created_at": "2026-03-07T22:27:56.821Z"
    }
  },
  {
    "model": "notifications.notification",
    "pk": 119,
    "fields": {
      "user": [
        "tast10@gmail.com"
      ],
      "post": 40,
      "kind": "OWNER_STATUS_REMINDER",
      "title": "กิจกรรม “Digital Storytelling ชุมชนของเรา”",
      "message": "เตือนเจ้าของกิจกรรม 3 วันก่อนเริ่ม:\nตอนนี้สมัครแล้ว 0/12 เหลือ 12 ที่\n",
      "link_url": "/post/40/",
      "trigger_date": "2026-03-12",
      "is_read": false,
      "created_at": "2026-03-07T22:27:56.835Z"
    }
  },
  {
    "model": "notifications.notification",
    "pk": 120,
    "fields": {
      "user": [
        "tast10@gmail.com"
      ],
      "post": 40,
      "kind": "OWNER_STATUS_REMINDER",
      "title": "กิจกรรม “Digital Storytelling ชุมชนของเรา”",
      "message": "เตือนเจ้าของกิจกรรม 1 วันก่อนเริ่ม:\nตอนนี้สมัครแล้ว 0/12 เหลือ 12 ที่\n",
      "link_url": "/post/40/",
      "trigger_date": "2026-03-14",
      "is_read": false,
      "created_at": "2026-03-07T22:27:56.844Z"
    }
  },
  {
    "model": "notifications.notification",
    "pk": 121,
    "fields": {
      "user": [
        "tast10@gmail.com"
      ],
      "post": 39,
      "kind": "OWNER_POSTED",
      "title": "กิจกรรม “สอนผู้สูงอายุใช้สมาร์ตโฟนอย่างปลอดภัย”",
      "message": "โพสต์กิจกรรมของคุณได้รับการอนุมัติและเผยแพร่แล้ว: \"กิจกรรม “สอนผู้สูงอายุใช้สมาร์ตโฟนอย่างปลอดภัย”\"",
      "link_url": "/post/39/",
      "trigger_date": "2026-03-08",
      "is_read": false,
      "created_at": "2026-03-07T22:27:57.761Z"
    }
  },
  {
    "model": "notifications.notification",
    "pk": 122,
    "fields": {
      "user": [
        "tast10@gmail.com"
      ],
      "post": 39,
      "kind": "OWNER_STATUS_REMINDER",
      "title": "กิจกรรม “สอนผู้สูงอายุใช้สมาร์ตโฟนอย่างปลอดภัย”",
      "message": "เตือนเจ้าของกิจกรรม 3 วันก่อนเริ่ม:\nตอนนี้สมัครแล้ว 0/10 เหลือ 10 ที่\n",
      "link_url": "/post/39/",
      "trigger_date": "2026-11-17",
      "is_read": false,
      "created_at": "2026-03-07T22:27:57.774Z"
    }
  },
  {
    "model": "notifications.notification",
    "pk": 123,
    "fields": {
      "user": [
        "tast10@gmail.com"
      ],
      "post": 39,
      "kind": "OWNER_STATUS_REMINDER",
      "title": "กิจกรรม “สอนผู้สูงอายุใช้สมาร์ตโฟนอย่างปลอดภัย”",
      "message": "เตือนเจ้าของกิจกรรม 1 วันก่อนเริ่ม:\nตอนนี้สมัครแล้ว 0/10 เหลือ 10 ที่\n",
      "link_url": "/post/39/",
      "trigger_date": "2026-11-19",
      "is_read": false,
      "created_at": "2026-03-07T22:27:57.781Z"
    }
  },
  {
    "model": "notifications.notification",
    "pk": 124,
    "fields": {
      "user": [
        "tast10@gmail.com"
      ],
      "post": 38,
      "kind": "OWNER_POSTED",
      "title": "กิจกรรม “สื่อสร้างสรรค์เพื่อรณรงค์สังคม”",
      "message": "โพสต์กิจกรรมของคุณได้รับการอนุมัติและเผยแพร่แล้ว: \"กิจกรรม “สื่อสร้างสรรค์เพื่อรณรงค์สังคม”\"",
      "link_url": "/post/38/",
      "trigger_date": "2026-03-08",
      "is_read": false,
      "created_at": "2026-03-07T22:27:58.330Z"
    }
  },
  {
    "model": "notifications.notification",
    "pk": 125,
    "fields": {
      "user": [
        "tast10@gmail.com"
      ],
      "post": 38,
      "kind": "OWNER_STATUS_REMINDER",
      "title": "กิจกรรม “สื่อสร้างสรรค์เพื่อรณรงค์สังคม”",
      "message": "เตือนเจ้าของกิจกรรม 3 วันก่อนเริ่ม:\nตอนนี้สมัครแล้ว 0/15 เหลือ 15 ที่\n",
      "link_url": "/post/38/",
      "trigger_date": "2026-11-02",
      "is_read": false,
      "created_at": "2026-03-07T22:27:58.344Z"
    }
  },
  {
    "model": "notifications.notification",
    "pk": 126,
    "fields": {
      "user": [
        "tast10@gmail.com"
      ],
      "post": 38,
      "kind": "OWNER_STATUS_REMINDER",
      "title": "กิจกรรม “สื่อสร้างสรรค์เพื่อรณรงค์สังคม”",
      "message": "เตือนเจ้าของกิจกรรม 1 วันก่อนเริ่ม:\nตอนนี้สมัครแล้ว 0/15 เหลือ 15 ที่\n",
      "link_url": "/post/38/",
      "trigger_date": "2026-11-04",
      "is_read": false,
      "created_at": "2026-03-07T22:27:58.351Z"
    }
  },
  {
    "model": "notifications.notification",
    "pk": 127,
    "fields": {
      "user": [
        "tast10@gmail.com"
      ],
      "post": 37,
      "kind": "OWNER_POSTED",
      "title": "กิจกรรม “สร้างเว็บไซต์เพื่อชุมชน”",
      "message": "โพสต์กิจกรรมของคุณได้รับการอนุมัติและเผยแพร่แล้ว: \"กิจกรรม “สร้างเว็บไซต์เพื่อชุมชน”\"",
      "link_url": "/post/37/",
      "trigger_date": "2026-03-08",
      "is_read": false,
      "created_at": "2026-03-07T22:27:58.718Z"
    }
  },
  {
    "model": "notifications.notification",
    "pk": 128,
    "fields": {
      "user": [
        "tast10@gmail.com"
      ],
      "post": 37,
      "kind": "OWNER_STATUS_REMINDER",
      "title": "กิจกรรม “สร้างเว็บไซต์เพื่อชุมชน”",
      "message": "เตือนเจ้าของกิจกรรม 3 วันก่อนเริ่ม:\nตอนนี้สมัครแล้ว 0/15 เหลือ 15 ที่\n",
      "link_url": "/post/37/",
      "trigger_date": "2026-08-07",
      "is_read": false,
      "created_at": "2026-03-07T22:27:58.733Z"
    }
  },
  {
    "model": "notifications.notification",
    "pk": 129,
    "fields": {
      "user": [
        "tast10@gmail.com"
      ],
      "post": 37,
      "kind": "OWNER_STATUS_REMINDER",
      "title": "กิจกรรม “สร้างเว็บไซต์เพื่อชุมชน”",
      "message": "เตือนเจ้าของกิจกรรม 1 วันก่อนเริ่ม:\nตอนนี้สมัครแล้ว 0/15 เหลือ 15 ที่\n",
      "link_url": "/post/37/",
      "trigger_date": "2026-08-09",
      "is_read": false,
      "created_at": "2026-03-07T22:27:58.740Z"
    }
  },
  {
    "model": "notifications.notification",
    "pk": 130,
    "fields": {
      "user": [
        "tast10@gmail.com"
      ],
      "post": 36,
      "kind": "OWNER_POSTED",
      "title": "ชม หนังใหญ่ไฟกะลา",
      "message": "โพสต์กิจกรรมของคุณได้รับการอนุมัติและเผยแพร่แล้ว: \"ชม หนังใหญ่ไฟกะลา\"",
      "link_url": "/post/36/",
      "trigger_date": "2026-03-08",
      "is_read": false,
      "created_at": "2026-03-07T22:27:59.278Z"
    }
  },
  {
    "model": "notifications.notification",
    "pk": 131,
    "fields": {
      "user": [
        "tast7@gmail.com"
      ],
      "post": 35,
      "kind": "OWNER_POSTED",
      "title": "โครงการธรรมศาสตร์ช้างเผือก",
      "message": "โพสต์กิจกรรมของคุณได้รับการอนุมัติและเผยแพร่แล้ว: \"โครงการธรรมศาสตร์ช้างเผือก\"",
      "link_url": "/post/35/",
      "trigger_date": "2026-03-08",
      "is_read": false,
      "created_at": "2026-03-07T22:27:59.999Z"
    }
  },
  {
    "model": "notifications.notification",
    "pk": 132,
    "fields": {
      "user": [
        "tast7@gmail.com"
      ],
      "post": 34,
      "kind": "OWNER_POSTED",
      "title": "กิจกรรม “อาสาพัฒนาพื้นที่เรียนรู้ของชุมชน”",
      "message": "โพสต์กิจกรรมของคุณได้รับการอนุมัติและเผยแพร่แล้ว: \"กิจกรรม “อาสาพัฒนาพื้นที่เรียนรู้ของชุมชน”\"",
      "link_url": "/post/34/",
      "trigger_date": "2026-03-08",
      "is_read": false,
      "created_at": "2026-03-07T22:28:00.315Z"
    }
  },
  {
    "model": "notifications.notification",
    "pk": 133,
    "fields": {
      "user": [
        "tast7@gmail.com"
      ],
      "post": 34,
      "kind": "OWNER_STATUS_REMINDER",
      "title": "กิจกรรม “อาสาพัฒนาพื้นที่เรียนรู้ของชุมชน”",
      "message": "เตือนเจ้าของกิจกรรม 3 วันก่อนเริ่ม:\nตอนนี้สมัครแล้ว 0/15 เหลือ 15 ที่\n",
      "link_url": "/post/34/",
      "trigger_date": "2026-04-02",
      "is_read": false,
      "created_at": "2026-03-07T22:28:00.327Z"
    }
  },
  {
    "model": "notifications.notification",
    "pk": 134,
    "fields": {
      "user": [
        "tast7@gmail.com"
      ],
      "post": 34,
      "kind": "OWNER_STATUS_REMINDER",
      "title": "กิจกรรม “อาสาพัฒนาพื้นที่เรียนรู้ของชุมชน”",
      "message": "เตือนเจ้าของกิจกรรม 1 วันก่อนเริ่ม:\nตอนนี้สมัครแล้ว 0/15 เหลือ 15 ที่\n",
      "link_url": "/post/34/",
      "trigger_date": "2026-04-04",
      "is_read": false,
      "created_at": "2026-03-07T22:28:00.334Z"
    }
  },
  {
    "model": "notifications.notification",
    "pk": 135,
    "fields": {
      "user": [
        "tast7@gmail.com"
      ],
      "post": 33,
      "kind": "OWNER_POSTED",
      "title": "กิจกรรม “รวมพลังอาสา พัฒนาชุมชนสะอาด”",
      "message": "โพสต์กิจกรรมของคุณได้รับการอนุมัติและเผยแพร่แล้ว: \"กิจกรรม “รวมพลังอาสา พัฒนาชุมชนสะอาด”\"",
      "link_url": "/post/33/",
      "trigger_date": "2026-03-08",
      "is_read": false,
      "created_at": "2026-03-07T22:28:00.635Z"
    }
  },
  {
    "model": "notifications.notification",
    "pk": 136,
    "fields": {
      "user": [
        "tast7@gmail.com"
      ],
      "post": 33,
      "kind": "OWNER_STATUS_REMINDER",
      "title": "กิจกรรม “รวมพลังอาสา พัฒนาชุมชนสะอาด”",
      "message": "เตือนเจ้าของกิจกรรม 3 วันก่อนเริ่ม:\nตอนนี้สมัครแล้ว 0/15 เหลือ 15 ที่\n",
      "link_url": "/post/33/",
      "trigger_date": "2026-03-29",
      "is_read": false,
      "created_at": "2026-03-07T22:28:00.648Z"
    }
  },
  {
    "model": "notifications.notification",
    "pk": 137,
    "fields": {
      "user": [
        "tast7@gmail.com"
      ],
      "post": 33,
      "kind": "OWNER_STATUS_REMINDER",
      "title": "กิจกรรม “รวมพลังอาสา พัฒนาชุมชนสะอาด”",
      "message": "เตือนเจ้าของกิจกรรม 1 วันก่อนเริ่ม:\nตอนนี้สมัครแล้ว 0/15 เหลือ 15 ที่\n",
      "link_url": "/post/33/",
      "trigger_date": "2026-03-31",
      "is_read": false,
      "created_at": "2026-03-07T22:28:00.655Z"
    }
  },
  {
    "model": "notifications.notification",
    "pk": 138,
    "fields": {
      "user": [
        "tast5@gmail.com"
      ],
      "post": 32,
      "kind": "OWNER_POSTED",
      "title": "ตุลา  พาน้องเรียนรู้",
      "message": "โพสต์กิจกรรมของคุณได้รับการอนุมัติและเผยแพร่แล้ว: \"ตุลา  พาน้องเรียนรู้\"",
      "link_url": "/post/32/",
      "trigger_date": "2026-03-08",
      "is_read": false,
      "created_at": "2026-03-07T22:28:00.961Z"
    }
  },
  {
    "model": "notifications.notification",
    "pk": 139,
    "fields": {
      "user": [
        "kanyarat.bua.66@ubu.ac.th"
      ],
      "post": 31,
      "kind": "OWNER_POSTED",
      "title": "ชวนแต่งตัวตามพื้นที",
      "message": "โพสต์กิจกรรมของคุณได้รับการอนุมัติและเผยแพร่แล้ว: \"ชวนแต่งตัวตามพื้นที\"",
      "link_url": "/post/31/",
      "trigger_date": "2026-03-08",
      "is_read": false,
      "created_at": "2026-03-07T22:28:01.277Z"
    }
  },
  {
    "model": "notifications.notification",
    "pk": 140,
    "fields": {
      "user": [
        "tast2@gmail.com"
      ],
      "post": 30,
      "kind": "OWNER_POSTED",
      "title": "สงกรานต์สุขใจ ปลอดภัย ไร้แอลกอฮอล์",
      "message": "โพสต์กิจกรรมของคุณได้รับการอนุมัติและเผยแพร่แล้ว: \"สงกรานต์สุขใจ ปลอดภัย ไร้แอลกอฮอล์\"",
      "link_url": "/post/30/",
      "trigger_date": "2026-03-08",
      "is_read": false,
      "created_at": "2026-03-07T22:28:01.820Z"
    }
  },
  {
    "model": "notifications.notification",
    "pk": 141,
    "fields": {
      "user": [
        "tast1@gmail.com"
      ],
      "post": 30,
      "kind": "FOLLOWER_NEW_POST",
      "title": "สงกรานต์สุขใจ ปลอดภัย ไร้แอลกอฮอล์",
      "message": "โครงการฮักบ้านเกิด ได้โพสต์กิจกรรมใหม่: \"สงกรานต์สุขใจ ปลอดภัย ไร้แอลกอฮอล์\"",
      "link_url": "/post/30/",
      "trigger_date": "2026-03-08",
      "is_read": false,
      "created_at": "2026-03-07T22:28:01.836Z"
    }
  },
  {
    "model": "notifications.notification",
    "pk": 142,
    "fields": {
      "user": [
        "tast5@gmail.com"
      ],
      "post": 30,
      "kind": "FOLLOWER_NEW_POST",
      "title": "สงกรานต์สุขใจ ปลอดภัย ไร้แอลกอฮอล์",
      "message": "โครงการฮักบ้านเกิด ได้โพสต์กิจกรรมใหม่: \"สงกรานต์สุขใจ ปลอดภัย ไร้แอลกอฮอล์\"",
      "link_url": "/post/30/",
      "trigger_date": "2026-03-08",
      "is_read": false,
      "created_at": "2026-03-07T22:28:01.845Z"
    }
  },
  {
    "model": "notifications.notification",
    "pk": 143,
    "fields": {
      "user": [
        "tast11@gmail.com"
      ],
      "post": 44,
      "kind": "OWNER_POSTED",
      "title": "กิจกรรมปลูกป่าชายเลน รักษ์ทะเลสู่ชุมชน",
      "message": "โพสต์กิจกรรมของคุณได้รับการอนุมัติและเผยแพร่แล้ว: \"กิจกรรมปลูกป่าชายเลน รักษ์ทะเลสู่ชุมชน\"",
      "link_url": "/post/44/",
      "trigger_date": "2026-03-08",
      "is_read": false,
      "created_at": "2026-03-07T22:49:08.794Z"
    }
  },
  {
    "model": "notifications.notification",
    "pk": 144,
    "fields": {
      "user": [
        "tast11@gmail.com"
      ],
      "post": 44,
      "kind": "OWNER_STATUS_REMINDER",
      "title": "กิจกรรมปลูกป่าชายเลน รักษ์ทะเลสู่ชุมชน",
      "message": "เตือนเจ้าของกิจกรรม 3 วันก่อนเริ่ม:\nตอนนี้สมัครแล้ว 0/10 เหลือ 10 ที่\n",
      "link_url": "/post/44/",
      "trigger_date": "2026-03-17",
      "is_read": false,
      "created_at": "2026-03-07T22:49:08.810Z"
    }
  },
  {
    "model": "notifications.notification",
    "pk": 145,
    "fields": {
      "user": [
        "tast11@gmail.com"
      ],
      "post": 44,
      "kind": "OWNER_STATUS_REMINDER",
      "title": "กิจกรรมปลูกป่าชายเลน รักษ์ทะเลสู่ชุมชน",
      "message": "เตือนเจ้าของกิจกรรม 1 วันก่อนเริ่ม:\nตอนนี้สมัครแล้ว 0/10 เหลือ 10 ที่\n",
      "link_url": "/post/44/",
      "trigger_date": "2026-03-19",
      "is_read": false,
      "created_at": "2026-03-07T22:49:08.818Z"
    }
  },
  {
    "model": "notifications.notification",
    "pk": 146,
    "fields": {
      "user": [
        "tast11@gmail.com"
      ],
      "post": 43,
      "kind": "OWNER_POSTED",
      "title": "กิจกรรมห้องสมุดเคลื่อนที่สู่ชุมชน",
      "message": "โพสต์กิจกรรมของคุณได้รับการอนุมัติและเผยแพร่แล้ว: \"กิจกรรมห้องสมุดเคลื่อนที่สู่ชุมชน\"",
      "link_url": "/post/43/",
      "trigger_date": "2026-03-08",
      "is_read": false,
      "created_at": "2026-03-07T22:49:09.735Z"
    }
  },
  {
    "model": "notifications.notification",
    "pk": 147,
    "fields": {
      "user": [
        "tast11@gmail.com"
      ],
      "post": 43,
      "kind": "OWNER_STATUS_REMINDER",
      "title": "กิจกรรมห้องสมุดเคลื่อนที่สู่ชุมชน",
      "message": "เตือนเจ้าของกิจกรรม 3 วันก่อนเริ่ม:\nตอนนี้สมัครแล้ว 0/15 เหลือ 15 ที่\n",
      "link_url": "/post/43/",
      "trigger_date": "2026-03-16",
      "is_read": false,
      "created_at": "2026-03-07T22:49:09.747Z"
    }
  },
  {
    "model": "notifications.notification",
    "pk": 148,
    "fields": {
      "user": [
        "tast11@gmail.com"
      ],
      "post": 43,
      "kind": "OWNER_STATUS_REMINDER",
      "title": "กิจกรรมห้องสมุดเคลื่อนที่สู่ชุมชน",
      "message": "เตือนเจ้าของกิจกรรม 1 วันก่อนเริ่ม:\nตอนนี้สมัครแล้ว 0/15 เหลือ 15 ที่\n",
      "link_url": "/post/43/",
      "trigger_date": "2026-03-18",
      "is_read": false,
      "created_at": "2026-03-07T22:49:09.754Z"
    }
  },
  {
    "model": "notifications.notification",
    "pk": 149,
    "fields": {
      "user": [
        "tast10@gmail.com"
      ],
      "post": 42,
      "kind": "OWNER_POSTED",
      "title": "กิจกรรมติวเตอร์สอนน้องเตรียมสอบ O-NET",
      "message": "โพสต์กิจกรรมของคุณได้รับการอนุมัติและเผยแพร่แล้ว: \"กิจกรรมติวเตอร์สอนน้องเตรียมสอบ O-NET\"",
      "link_url": "/post/42/",
      "trigger_date": "2026-03-08",
      "is_read": false,
      "created_at": "2026-03-07T22:49:10.289Z"
    }
  },
  {
    "model": "notifications.notification",
    "pk": 150,
    "fields": {
      "user": [
        "tast10@gmail.com"
      ],
      "post": 42,
      "kind": "OWNER_STATUS_REMINDER",
      "title": "กิจกรรมติวเตอร์สอนน้องเตรียมสอบ O-NET",
      "message": "เตือนเจ้าของกิจกรรม 3 วันก่อนเริ่ม:\nตอนนี้สมัครแล้ว 0/15 เหลือ 15 ที่\n",
      "link_url": "/post/42/",
      "trigger_date": "2026-06-19",
      "is_read": false,
      "created_at": "2026-03-07T22:49:10.303Z"
    }
  },
  {
    "model": "notifications.notification",
    "pk": 151,
    "fields": {
      "user": [
        "tast10@gmail.com"
      ],
      "post": 42,
      "kind": "OWNER_STATUS_REMINDER",
      "title": "กิจกรรมติวเตอร์สอนน้องเตรียมสอบ O-NET",
      "message": "เตือนเจ้าของกิจกรรม 1 วันก่อนเริ่ม:\nตอนนี้สมัครแล้ว 0/15 เหลือ 15 ที่\n",
      "link_url": "/post/42/",
      "trigger_date": "2026-06-21",
      "is_read": false,
      "created_at": "2026-03-07T22:49:10.312Z"
    }
  },
  {
    "model": "notifications.notification",
    "pk": 152,
    "fields": {
      "user": [
        "tast10@gmail.com"
      ],
      "post": 41,
      "kind": "OWNER_POSTED",
      "title": "กิจกรรมค่ายเสริมทักษะภาษาอังกฤษเพื่อการสื่อสาร",
      "message": "โพสต์กิจกรรมของคุณได้รับการอนุมัติและเผยแพร่แล้ว: \"กิจกรรมค่ายเสริมทักษะภาษาอังกฤษเพื่อการสื่อสาร\"",
      "link_url": "/post/41/",
      "trigger_date": "2026-03-08",
      "is_read": false,
      "created_at": "2026-03-07T22:49:10.787Z"
    }
  },
  {
    "model": "notifications.notification",
    "pk": 153,
    "fields": {
      "user": [
        "tast10@gmail.com"
      ],
      "post": 41,
      "kind": "OWNER_STATUS_REMINDER",
      "title": "กิจกรรมค่ายเสริมทักษะภาษาอังกฤษเพื่อการสื่อสาร",
      "message": "เตือนเจ้าของกิจกรรม 3 วันก่อนเริ่ม:\nตอนนี้สมัครแล้ว 0/8 เหลือ 8 ที่\n",
      "link_url": "/post/41/",
      "trigger_date": "2026-04-15",
      "is_read": false,
      "created_at": "2026-03-07T22:49:10.803Z"
    }
  },
  {
    "model": "notifications.notification",
    "pk": 154,
    "fields": {
      "user": [
        "tast10@gmail.com"
      ],
      "post": 41,
      "kind": "OWNER_STATUS_REMINDER",
      "title": "กิจกรรมค่ายเสริมทักษะภาษาอังกฤษเพื่อการสื่อสาร",
      "message": "เตือนเจ้าของกิจกรรม 1 วันก่อนเริ่ม:\nตอนนี้สมัครแล้ว 0/8 เหลือ 8 ที่\n",
      "link_url": "/post/41/",
      "trigger_date": "2026-04-17",
      "is_read": false,
      "created_at": "2026-03-07T22:49:10.811Z"
    }
  },
  {
    "model": "notifications.notification",
    "pk": 155,
    "fields": {
      "user": [
        "tast7@gmail.com"
      ],
      "post": 50,
      "kind": "OWNER_POSTED",
      "title": "กิจกรรมเรียนรู้ชีวิตผึ้งและการเลี้ยงผึ้งพื้นบ้าน",
      "message": "โพสต์กิจกรรมของคุณได้รับการอนุมัติและเผยแพร่แล้ว: \"กิจกรรมเรียนรู้ชีวิตผึ้งและการเลี้ยงผึ้งพื้นบ้าน\"",
      "link_url": "/post/50/",
      "trigger_date": "2026-03-08",
      "is_read": false,
      "created_at": "2026-03-07T23:32:56.112Z"
    }
  },
  {
    "model": "notifications.notification",
    "pk": 156,
    "fields": {
      "user": [
        "tast7@gmail.com"
      ],
      "post": 50,
      "kind": "OWNER_STATUS_REMINDER",
      "title": "กิจกรรมเรียนรู้ชีวิตผึ้งและการเลี้ยงผึ้งพื้นบ้าน",
      "message": "เตือนเจ้าของกิจกรรม 3 วันก่อนเริ่ม:\nตอนนี้สมัครแล้ว 0/10 เหลือ 10 ที่\n",
      "link_url": "/post/50/",
      "trigger_date": "2026-05-06",
      "is_read": false,
      "created_at": "2026-03-07T23:32:56.126Z"
    }
  },
  {
    "model": "notifications.notification",
    "pk": 157,
    "fields": {
      "user": [
        "tast7@gmail.com"
      ],
      "post": 50,
      "kind": "OWNER_STATUS_REMINDER",
      "title": "กิจกรรมเรียนรู้ชีวิตผึ้งและการเลี้ยงผึ้งพื้นบ้าน",
      "message": "เตือนเจ้าของกิจกรรม 1 วันก่อนเริ่ม:\nตอนนี้สมัครแล้ว 0/10 เหลือ 10 ที่\n",
      "link_url": "/post/50/",
      "trigger_date": "2026-05-08",
      "is_read": false,
      "created_at": "2026-03-07T23:32:56.133Z"
    }
  },
  {
    "model": "notifications.notification",
    "pk": 158,
    "fields": {
      "user": [
        "tast6@gmail.com"
      ],
      "post": 49,
      "kind": "OWNER_POSTED",
      "title": "กิจกรรมสำรวจสัตว์น้ำในระบบนิเวศลำคลอง",
      "message": "โพสต์กิจกรรมของคุณได้รับการอนุมัติและเผยแพร่แล้ว: \"กิจกรรมสำรวจสัตว์น้ำในระบบนิเวศลำคลอง\"",
      "link_url": "/post/49/",
      "trigger_date": "2026-03-08",
      "is_read": false,
      "created_at": "2026-03-07T23:32:57.017Z"
    }
  },
  {
    "model": "notifications.notification",
    "pk": 159,
    "fields": {
      "user": [
        "tast6@gmail.com"
      ],
      "post": 49,
      "kind": "OWNER_STATUS_REMINDER",
      "title": "กิจกรรมสำรวจสัตว์น้ำในระบบนิเวศลำคลอง",
      "message": "เตือนเจ้าของกิจกรรม 3 วันก่อนเริ่ม:\nกิจกรรมนี้ไม่จำกัดจำนวน\n",
      "link_url": "/post/49/",
      "trigger_date": "2026-07-15",
      "is_read": false,
      "created_at": "2026-03-07T23:32:57.032Z"
    }
  },
  {
    "model": "notifications.notification",
    "pk": 160,
    "fields": {
      "user": [
        "tast6@gmail.com"
      ],
      "post": 49,
      "kind": "OWNER_STATUS_REMINDER",
      "title": "กิจกรรมสำรวจสัตว์น้ำในระบบนิเวศลำคลอง",
      "message": "เตือนเจ้าของกิจกรรม 1 วันก่อนเริ่ม:\nกิจกรรมนี้ไม่จำกัดจำนวน\n",
      "link_url": "/post/49/",
      "trigger_date": "2026-07-17",
      "is_read": false,
      "created_at": "2026-03-07T23:32:57.039Z"
    }
  },
  {
    "model": "notifications.notification",
    "pk": 161,
    "fields": {
      "user": [
        "tast6@gmail.com"
      ],
      "post": 48,
      "kind": "OWNER_POSTED",
      "title": "กิจกรรมอาสาดูแลสัตว์ป่าบาดเจ็บ",
      "message": "โพสต์กิจกรรมของคุณได้รับการอนุมัติและเผยแพร่แล้ว: \"กิจกรรมอาสาดูแลสัตว์ป่าบาดเจ็บ\"",
      "link_url": "/post/48/",
      "trigger_date": "2026-03-08",
      "is_read": false,
      "created_at": "2026-03-07T23:32:57.531Z"
    }
  },
  {
    "model": "notifications.notification",
    "pk": 162,
    "fields": {
      "user": [
        "tast6@gmail.com"
      ],
      "post": 48,
      "kind": "OWNER_STATUS_REMINDER",
      "title": "กิจกรรมอาสาดูแลสัตว์ป่าบาดเจ็บ",
      "message": "เตือนเจ้าของกิจกรรม 3 วันก่อนเริ่ม:\nตอนนี้สมัครแล้ว 0/5 เหลือ 5 ที่\n",
      "link_url": "/post/48/",
      "trigger_date": "2026-03-11",
      "is_read": false,
      "created_at": "2026-03-07T23:32:57.548Z"
    }
  },
  {
    "model": "notifications.notification",
    "pk": 163,
    "fields": {
      "user": [
        "tast6@gmail.com"
      ],
      "post": 48,
      "kind": "OWNER_STATUS_REMINDER",
      "title": "กิจกรรมอาสาดูแลสัตว์ป่าบาดเจ็บ",
      "message": "เตือนเจ้าของกิจกรรม 1 วันก่อนเริ่ม:\nตอนนี้สมัครแล้ว 0/5 เหลือ 5 ที่\n",
      "link_url": "/post/48/",
      "trigger_date": "2026-03-13",
      "is_read": false,
      "created_at": "2026-03-07T23:32:57.557Z"
    }
  },
  {
    "model": "notifications.notification",
    "pk": 164,
    "fields": {
      "user": [
        "tast1@gmail.com"
      ],
      "post": 47,
      "kind": "OWNER_POSTED",
      "title": "กิจกรรมตรวจสุขภาพเบื้องต้นและให้คำปรึกษาสุขภาพ",
      "message": "โพสต์กิจกรรมของคุณได้รับการอนุมัติและเผยแพร่แล้ว: \"กิจกรรมตรวจสุขภาพเบื้องต้นและให้คำปรึกษาสุขภาพ\"",
      "link_url": "/post/47/",
      "trigger_date": "2026-03-08",
      "is_read": false,
      "created_at": "2026-03-07T23:32:57.819Z"
    }
  },
  {
    "model": "notifications.notification",
    "pk": 165,
    "fields": {
      "user": [
        "tast3@gmail.com"
      ],
      "post": 47,
      "kind": "FOLLOWER_NEW_POST",
      "title": "กิจกรรมตรวจสุขภาพเบื้องต้นและให้คำปรึกษาสุขภาพ",
      "message": "Pansak Patsaman ได้โพสต์กิจกรรมใหม่: \"กิจกรรมตรวจสุขภาพเบื้องต้นและให้คำปรึกษาสุขภาพ\"",
      "link_url": "/post/47/",
      "trigger_date": "2026-03-08",
      "is_read": false,
      "created_at": "2026-03-07T23:32:57.834Z"
    }
  },
  {
    "model": "notifications.notification",
    "pk": 166,
    "fields": {
      "user": [
        "tast1@gmail.com"
      ],
      "post": 47,
      "kind": "OWNER_STATUS_REMINDER",
      "title": "กิจกรรมตรวจสุขภาพเบื้องต้นและให้คำปรึกษาสุขภาพ",
      "message": "เตือนเจ้าของกิจกรรม 3 วันก่อนเริ่ม:\nกิจกรรมนี้ไม่จำกัดจำนวน\n",
      "link_url": "/post/47/",
      "trigger_date": "2026-10-19",
      "is_read": false,
      "created_at": "2026-03-07T23:32:57.848Z"
    }
  },
  {
    "model": "notifications.notification",
    "pk": 167,
    "fields": {
      "user": [
        "tast1@gmail.com"
      ],
      "post": 47,
      "kind": "OWNER_STATUS_REMINDER",
      "title": "กิจกรรมตรวจสุขภาพเบื้องต้นและให้คำปรึกษาสุขภาพ",
      "message": "เตือนเจ้าของกิจกรรม 1 วันก่อนเริ่ม:\nกิจกรรมนี้ไม่จำกัดจำนวน\n",
      "link_url": "/post/47/",
      "trigger_date": "2026-10-21",
      "is_read": false,
      "created_at": "2026-03-07T23:32:57.857Z"
    }
  },
  {
    "model": "notifications.notification",
    "pk": 168,
    "fields": {
      "user": [
        "tast1@gmail.com"
      ],
      "post": 46,
      "kind": "OWNER_POSTED",
      "title": "กิจกรรมโยคะยามเช้าเพื่อสุขภาพกายและใจ",
      "message": "โพสต์กิจกรรมของคุณได้รับการอนุมัติและเผยแพร่แล้ว: \"กิจกรรมโยคะยามเช้าเพื่อสุขภาพกายและใจ\"",
      "link_url": "/post/46/",
      "trigger_date": "2026-03-08",
      "is_read": false,
      "created_at": "2026-03-07T23:32:58.150Z"
    }
  },
  {
    "model": "notifications.notification",
    "pk": 169,
    "fields": {
      "user": [
        "tast3@gmail.com"
      ],
      "post": 46,
      "kind": "FOLLOWER_NEW_POST",
      "title": "กิจกรรมโยคะยามเช้าเพื่อสุขภาพกายและใจ",
      "message": "Pansak Patsaman ได้โพสต์กิจกรรมใหม่: \"กิจกรรมโยคะยามเช้าเพื่อสุขภาพกายและใจ\"",
      "link_url": "/post/46/",
      "trigger_date": "2026-03-08",
      "is_read": false,
      "created_at": "2026-03-07T23:32:58.162Z"
    }
  },
  {
    "model": "notifications.notification",
    "pk": 170,
    "fields": {
      "user": [
        "tast1@gmail.com"
      ],
      "post": 46,
      "kind": "OWNER_STATUS_REMINDER",
      "title": "กิจกรรมโยคะยามเช้าเพื่อสุขภาพกายและใจ",
      "message": "เตือนเจ้าของกิจกรรม 3 วันก่อนเริ่ม:\nตอนนี้สมัครแล้ว 0/10 เหลือ 10 ที่\n",
      "link_url": "/post/46/",
      "trigger_date": "2026-07-04",
      "is_read": false,
      "created_at": "2026-03-07T23:32:58.173Z"
    }
  },
  {
    "model": "notifications.notification",
    "pk": 171,
    "fields": {
      "user": [
        "tast1@gmail.com"
      ],
      "post": 46,
      "kind": "OWNER_STATUS_REMINDER",
      "title": "กิจกรรมโยคะยามเช้าเพื่อสุขภาพกายและใจ",
      "message": "เตือนเจ้าของกิจกรรม 1 วันก่อนเริ่ม:\nตอนนี้สมัครแล้ว 0/10 เหลือ 10 ที่\n",
      "link_url": "/post/46/",
      "trigger_date": "2026-07-06",
      "is_read": false,
      "created_at": "2026-03-07T23:32:58.183Z"
    }
  },
  {
    "model": "notifications.notification",
    "pk": 172,
    "fields": {
      "user": [
        "tast10@gmail.com"
      ],
      "post": 45,
      "kind": "OWNER_POSTED",
      "title": "กิจกรรมเดิน–วิ่งเพื่อสุขภาพ “สุขภาพดีเริ่มที่ก้าวแรก”",
      "message": "โพสต์กิจกรรมของคุณได้รับการอนุมัติและเผยแพร่แล้ว: \"กิจกรรมเดิน–วิ่งเพื่อสุขภาพ “สุขภาพดีเริ่มที่ก้าวแรก”\"",
      "link_url": "/post/45/",
      "trigger_date": "2026-03-08",
      "is_read": false,
      "created_at": "2026-03-07T23:32:58.481Z"
    }
  },
  {
    "model": "notifications.notification",
    "pk": 173,
    "fields": {
      "user": [
        "tast10@gmail.com"
      ],
      "post": 45,
      "kind": "OWNER_STATUS_REMINDER",
      "title": "กิจกรรมเดิน–วิ่งเพื่อสุขภาพ “สุขภาพดีเริ่มที่ก้าวแรก”",
      "message": "เตือนเจ้าของกิจกรรม 3 วันก่อนเริ่ม:\nตอนนี้สมัครแล้ว 0/10 เหลือ 10 ที่\n",
      "link_url": "/post/45/",
      "trigger_date": "2026-03-08",
      "is_read": false,
      "created_at": "2026-03-07T23:32:58.495Z"
    }
  },
  {
    "model": "notifications.notification",
    "pk": 174,
    "fields": {
      "user": [
        "tast10@gmail.com"
      ],
      "post": 45,
      "kind": "OWNER_STATUS_REMINDER",
      "title": "กิจกรรมเดิน–วิ่งเพื่อสุขภาพ “สุขภาพดีเริ่มที่ก้าวแรก”",
      "message": "เตือนเจ้าของกิจกรรม 1 วันก่อนเริ่ม:\nตอนนี้สมัครแล้ว 0/10 เหลือ 10 ที่\n",
      "link_url": "/post/45/",
      "trigger_date": "2026-03-10",
      "is_read": false,
      "created_at": "2026-03-07T23:32:58.505Z"
    }
  },
  {
    "model": "notifications.notification",
    "pk": 175,
    "fields": {
      "user": [
        "tast6@gmail.com"
      ],
      "post": 50,
      "kind": "POST_UPDATED",
      "title": "กิจกรรมเรียนรู้ชีวิตผึ้งและการเลี้ยงผึ้งพื้นบ้าน",
      "message": "เจ้าของกิจกรรมได้แก้ไขโพสต์: รายละเอียด, จำนวนที่รับสมัคร\n",
      "link_url": "/post/50/",
      "trigger_date": "2026-03-08",
      "is_read": false,
      "created_at": "2026-03-07T23:35:55.311Z"
    }
  },
  {
    "model": "notifications.notification",
    "pk": 176,
    "fields": {
      "user": [
        "tast6@gmail.com"
      ],
      "post": 46,
      "kind": "REGISTER_REMINDER",
      "title": "กิจกรรมโยคะยามเช้าเพื่อสุขภาพกายและใจ",
      "message": "กิจกรรมที่คุณสมัครจะเริ่มในอีก 1 วัน: กิจกรรมโยคะยามเช้าเพื่อสุขภาพกายและใจ",
      "link_url": "/post/46/",
      "trigger_date": "2026-07-06",
      "is_read": false,
      "created_at": "2026-03-07T23:37:11.789Z"
    }
  },
  {
    "model": "notifications.notification",
    "pk": 177,
    "fields": {
      "user": [
        "tast6@gmail.com"
      ],
      "post": 46,
      "kind": "POST_UPDATED",
      "title": "กิจกรรมโยคะยามเช้าเพื่อสุขภาพกายและใจ",
      "message": "เจ้าของกิจกรรมได้แก้ไขโพสต์: สถานะการเปิดรับสมัคร\n",
      "link_url": "/post/46/",
      "trigger_date": "2026-03-08",
      "is_read": false,
      "created_at": "2026-03-07T23:38:26.379Z"
    }
  },
  {
    "model": "notifications.notification",
    "pk": 178,
    "fields": {
      "user": [
        "tast7@gmail.com"
      ],
      "post": 50,
      "kind": "POST_HIDDEN",
      "title": "กิจกรรมเรียนรู้ชีวิตผึ้งและการเลี้ยงผึ้งพื้นบ้าน",
      "message": "กิจกรรม \"กิจกรรมเรียนรู้ชีวิตผึ้งและการเลี้ยงผึ้งพื้นบ้าน\" ถูกซ่อนโดยผู้ดูแลระบบ",
      "link_url": "/post/50/",
      "trigger_date": "2026-03-08",
      "is_read": false,
      "created_at": "2026-03-08T00:43:47.295Z"
    }
  },
  {
    "model": "admin.logentry",
    "pk": 1,
    "fields": {
      "action_time": "2026-02-19T17:22:15.616Z",
      "user": [
        "Admin@gmail.com"
      ],
      "content_type": [
        "users",
        "user"
      ],
      "object_id": "admin@gmail.com",
      "object_repr": "admin@gmail.com",
      "action_flag": 2,
      "change_message": "[{\"changed\": {\"fields\": [\"Role\"]}}]"
    }
  },
  {
    "model": "admin.logentry",
    "pk": 2,
    "fields": {
      "action_time": "2026-02-19T17:22:29.493Z",
      "user": [
        "Admin@gmail.com"
      ],
      "content_type": [
        "users",
        "user"
      ],
      "object_id": "Admin@gmail.com",
      "object_repr": "Admin@gmail.com",
      "action_flag": 2,
      "change_message": "[{\"changed\": {\"fields\": [\"Role\"]}}]"
    }
  }
]